"LOCATION","INDICATOR","SUBJECT","MEASURE","FREQUENCY","TIME","Value","Flag Codes"
"AUS","HHDI","NET","AGRWTH","A","1970",5.40690217206942,
"AUS","HHDI","NET","AGRWTH","A","1971",4.24924652098688,
"AUS","HHDI","NET","AGRWTH","A","1972",7.25955967425503,
"AUS","HHDI","NET","AGRWTH","A","1973",8.18904301360741,
"AUS","HHDI","NET","AGRWTH","A","1974",4.45191854132767,
"AUS","HHDI","NET","AGRWTH","A","1975",1.16079470509481,
"AUS","HHDI","NET","AGRWTH","A","1976",3.33376983369369,
"AUS","HHDI","NET","AGRWTH","A","1977",0.86834998073218,
"AUS","HHDI","NET","AGRWTH","A","1978",3.28164603308307,
"AUS","HHDI","NET","AGRWTH","A","1979",1.03071452448903,
"AUS","HHDI","NET","AGRWTH","A","1980",3.07348292429563,
"AUS","HHDI","NET","AGRWTH","A","1981",4.17113802804725,
"AUS","HHDI","NET","AGRWTH","A","1982",-0.223668826709149,
"AUS","HHDI","NET","AGRWTH","A","1983",4.06978687619873,
"AUS","HHDI","NET","AGRWTH","A","1984",2.61601739504,
"AUS","HHDI","NET","AGRWTH","A","1985",2.21082601684347,
"AUS","HHDI","NET","AGRWTH","A","1986",-0.154651797820391,
"AUS","HHDI","NET","AGRWTH","A","1987",2.4524028958853,
"AUS","HHDI","NET","AGRWTH","A","1988",5.34013579469334,
"AUS","HHDI","NET","AGRWTH","A","1989",4.0665903703699,
"AUS","HHDI","NET","AGRWTH","A","1990",0.721147391666831,
"AUS","HHDI","NET","AGRWTH","A","1991",0.654571824573672,
"AUS","HHDI","NET","AGRWTH","A","1992",2.03350549918178,
"AUS","HHDI","NET","AGRWTH","A","1993",2.13226575943855,
"AUS","HHDI","NET","AGRWTH","A","1994",3.68204456343335,
"AUS","HHDI","NET","AGRWTH","A","1995",3.77609297754995,
"AUS","HHDI","NET","AGRWTH","A","1996",4.14933197674384,
"AUS","HHDI","NET","AGRWTH","A","1997",2.17794275125025,
"AUS","HHDI","NET","AGRWTH","A","1998",4.5917139702681,
"AUS","HHDI","NET","AGRWTH","A","1999",3.56959930927515,
"AUS","HHDI","NET","AGRWTH","A","2000",4.23107836238778,
"AUS","HHDI","NET","AGRWTH","A","2001",4.19577288615341,
"AUS","HHDI","NET","AGRWTH","A","2002",1.09602574453958,
"AUS","HHDI","NET","AGRWTH","A","2003",5.62365561765437,
"AUS","HHDI","NET","AGRWTH","A","2004",5.57038846839983,
"AUS","HHDI","NET","AGRWTH","A","2005",2.33253403419202,
"AUS","HHDI","NET","AGRWTH","A","2006",5.07464315167782,
"AUS","HHDI","NET","AGRWTH","A","2007",6.68228805505555,
"AUS","HHDI","NET","AGRWTH","A","2008",6.58082270801136,
"AUS","HHDI","NET","AGRWTH","A","2009",1.4740655472946,
"AUS","HHDI","NET","AGRWTH","A","2010",4.49481540282316,
"AUS","HHDI","NET","AGRWTH","A","2011",3.90033975849573,
"AUS","HHDI","NET","AGRWTH","A","2012",0.62173653028725,
"AUS","HHDI","NET","AGRWTH","A","2013",2.05881832546502,
"AUS","HHDI","NET","AGRWTH","A","2014",1.76598154047753,
"AUT","HHDI","NET","AGRWTH","A","1996",-0.050716152345145,
"AUT","HHDI","NET","AGRWTH","A","1997",-0.216658084528876,
"AUT","HHDI","NET","AGRWTH","A","1998",2.97803146569983,
"AUT","HHDI","NET","AGRWTH","A","1999",3.67791372709416,
"AUT","HHDI","NET","AGRWTH","A","2000",1.48629049493311,
"AUT","HHDI","NET","AGRWTH","A","2001",-0.462793618612135,
"AUT","HHDI","NET","AGRWTH","A","2002",1.1956507301224,
"AUT","HHDI","NET","AGRWTH","A","2003",1.89093797007819,
"AUT","HHDI","NET","AGRWTH","A","2004",1.91250792142422,
"AUT","HHDI","NET","AGRWTH","A","2005",3.65655435788353,
"AUT","HHDI","NET","AGRWTH","A","2006",2.91927979202267,
"AUT","HHDI","NET","AGRWTH","A","2007",2.32670537193267,
"AUT","HHDI","NET","AGRWTH","A","2008",1.09451727251919,
"AUT","HHDI","NET","AGRWTH","A","2009",-0.0084167374109,
"AUT","HHDI","NET","AGRWTH","A","2010",-0.951283600373812,
"AUT","HHDI","NET","AGRWTH","A","2011",-0.014875550763581,
"AUT","HHDI","NET","AGRWTH","A","2012",1.73754319694422,
"AUT","HHDI","NET","AGRWTH","A","2013",-1.51675293633488,
"AUT","HHDI","NET","AGRWTH","A","2014",0.58793821686369,
"BEL","HHDI","NET","AGRWTH","A","1996",0.115409182691226,
"BEL","HHDI","NET","AGRWTH","A","1997",0.747936303261256,
"BEL","HHDI","NET","AGRWTH","A","1998",1.97965503594188,
"BEL","HHDI","NET","AGRWTH","A","1999",1.82763696523807,
"BEL","HHDI","NET","AGRWTH","A","2000",1.96866913131421,
"BEL","HHDI","NET","AGRWTH","A","2001",2.41653681434102,
"BEL","HHDI","NET","AGRWTH","A","2002",-0.174495998612849,
"BEL","HHDI","NET","AGRWTH","A","2003",0.224656231934176,
"BEL","HHDI","NET","AGRWTH","A","2004",0.055587533678666,
"BEL","HHDI","NET","AGRWTH","A","2005",0.857421552067735,
"BEL","HHDI","NET","AGRWTH","A","2006",2.0179726598874,
"BEL","HHDI","NET","AGRWTH","A","2007",1.96803994186774,
"BEL","HHDI","NET","AGRWTH","A","2008",2.19903873161309,
"BEL","HHDI","NET","AGRWTH","A","2009",1.89466728954508,
"BEL","HHDI","NET","AGRWTH","A","2010",-0.598782871151413,
"BEL","HHDI","NET","AGRWTH","A","2011",-0.503341646784581,
"BEL","HHDI","NET","AGRWTH","A","2012",0.647141305250938,
"BEL","HHDI","NET","AGRWTH","A","2013",-0.508879649752724,
"BEL","HHDI","NET","AGRWTH","A","2014",0.539426247455545,
"CAN","HHDI","NET","AGRWTH","A","1994",-0.015586396618633,"E"
"CAN","HHDI","NET","AGRWTH","A","1995",0.89655329285798,"E"
"CAN","HHDI","NET","AGRWTH","A","1996",-0.063452784195174,"E"
"CAN","HHDI","NET","AGRWTH","A","1997",1.69307998351123,"E"
"CAN","HHDI","NET","AGRWTH","A","1998",2.67558260190301,"E"
"CAN","HHDI","NET","AGRWTH","A","1999",3.2862272496235,"E"
"CAN","HHDI","NET","AGRWTH","A","2000",4.0040149029956,"E"
"CAN","HHDI","NET","AGRWTH","A","2001",2.42959494966358,"E"
"CAN","HHDI","NET","AGRWTH","A","2002",2.15814182418583,"E"
"CAN","HHDI","NET","AGRWTH","A","2003",2.24636020583656,"E"
"CAN","HHDI","NET","AGRWTH","A","2004",3.48461333211496,"E"
"CAN","HHDI","NET","AGRWTH","A","2005",2.50476054098379,"E"
"CAN","HHDI","NET","AGRWTH","A","2006",5.47782613385691,"E"
"CAN","HHDI","NET","AGRWTH","A","2007",3.35788682015614,"E"
"CAN","HHDI","NET","AGRWTH","A","2008",3.67055354330925,"E"
"CAN","HHDI","NET","AGRWTH","A","2009",1.55423688192939,"E"
"CAN","HHDI","NET","AGRWTH","A","2010",2.49158755353882,"E"
"CAN","HHDI","NET","AGRWTH","A","2011",2.28734478738484,
"CAN","HHDI","NET","AGRWTH","A","2012",2.31445738584156,
"CAN","HHDI","NET","AGRWTH","A","2013",1.81705920804444,
"CAN","HHDI","NET","AGRWTH","A","2014",1.29378735370099,
"CZE","HHDI","NET","AGRWTH","A","1996",6.24375365512043,
"CZE","HHDI","NET","AGRWTH","A","1997",2.28659347578624,
"CZE","HHDI","NET","AGRWTH","A","1998",-1.53158741322918,
"CZE","HHDI","NET","AGRWTH","A","1999",1.98997563182711,
"CZE","HHDI","NET","AGRWTH","A","2000",2.26133126289503,
"CZE","HHDI","NET","AGRWTH","A","2001",3.3629576726166,
"CZE","HHDI","NET","AGRWTH","A","2002",4.47000268282252,
"CZE","HHDI","NET","AGRWTH","A","2003",4.07035285938824,
"CZE","HHDI","NET","AGRWTH","A","2004",2.00343877374436,
"CZE","HHDI","NET","AGRWTH","A","2005",3.16087781398425,
"CZE","HHDI","NET","AGRWTH","A","2006",4.27598687643791,
"CZE","HHDI","NET","AGRWTH","A","2007",2.78690991345792,
"CZE","HHDI","NET","AGRWTH","A","2008",2.0259843930198,
"CZE","HHDI","NET","AGRWTH","A","2009",2.33707701812833,
"CZE","HHDI","NET","AGRWTH","A","2010",0.113244708440777,
"CZE","HHDI","NET","AGRWTH","A","2011",-1.27616223455271,
"CZE","HHDI","NET","AGRWTH","A","2012",-1.145250875321,
"CZE","HHDI","NET","AGRWTH","A","2013",-0.313638137597331,
"CZE","HHDI","NET","AGRWTH","A","2014",2.77507449917233,
"CZE","HHDI","NET","AGRWTH","A","2015",2.70104645187766,
"DNK","HHDI","NET","AGRWTH","A","1996",0.915043682495294,
"DNK","HHDI","NET","AGRWTH","A","1997",-0.369031925768463,
"DNK","HHDI","NET","AGRWTH","A","1998",3.00159955430788,
"DNK","HHDI","NET","AGRWTH","A","1999",-1.1907869777516,
"DNK","HHDI","NET","AGRWTH","A","2000",1.15008760243284,
"DNK","HHDI","NET","AGRWTH","A","2001",3.32465695950855,
"DNK","HHDI","NET","AGRWTH","A","2002",3.13244514781664,
"DNK","HHDI","NET","AGRWTH","A","2003",1.92494776615895,
"DNK","HHDI","NET","AGRWTH","A","2004",2.32112253672311,
"DNK","HHDI","NET","AGRWTH","A","2005",2.14473814414469,
"DNK","HHDI","NET","AGRWTH","A","2006",2.49844868796798,
"DNK","HHDI","NET","AGRWTH","A","2007",-0.19157269187017,
"DNK","HHDI","NET","AGRWTH","A","2008",0.450223748982925,
"DNK","HHDI","NET","AGRWTH","A","2009",2.86247329587321,
"DNK","HHDI","NET","AGRWTH","A","2010",3.2210489982844,
"DNK","HHDI","NET","AGRWTH","A","2011",0.413239371391169,
"DNK","HHDI","NET","AGRWTH","A","2012",-0.121993559757777,
"DNK","HHDI","NET","AGRWTH","A","2013",-0.754983868864676,
"DNK","HHDI","NET","AGRWTH","A","2014",1.34946349271353,
"DNK","HHDI","NET","AGRWTH","A","2015",5.27548114306532,
"FIN","HHDI","NET","AGRWTH","A","1996",0.303560998644706,
"FIN","HHDI","NET","AGRWTH","A","1997",4.44805643667385,
"FIN","HHDI","NET","AGRWTH","A","1998",3.48526744392939,
"FIN","HHDI","NET","AGRWTH","A","1999",4.60266284039081,
"FIN","HHDI","NET","AGRWTH","A","2000",1.60354891697857,
"FIN","HHDI","NET","AGRWTH","A","2001",1.98970201806204,
"FIN","HHDI","NET","AGRWTH","A","2002",2.84161208438496,
"FIN","HHDI","NET","AGRWTH","A","2003",3.41691553576132,
"FIN","HHDI","NET","AGRWTH","A","2004",3.93468161995304,
"FIN","HHDI","NET","AGRWTH","A","2005",1.508478589469,
"FIN","HHDI","NET","AGRWTH","A","2006",2.25027228090667,
"FIN","HHDI","NET","AGRWTH","A","2007",2.99469790942188,
"FIN","HHDI","NET","AGRWTH","A","2008",2.23699300460734,
"FIN","HHDI","NET","AGRWTH","A","2009",1.03945257487173,
"FIN","HHDI","NET","AGRWTH","A","2010",2.34960358235671,
"FIN","HHDI","NET","AGRWTH","A","2011",1.00374846675339,
"FIN","HHDI","NET","AGRWTH","A","2012",-0.02667400431082,
"FIN","HHDI","NET","AGRWTH","A","2013",0.316188698411828,
"FIN","HHDI","NET","AGRWTH","A","2014",-0.805197191009482,
"FRA","HHDI","NET","AGRWTH","A","1979",1.18372743900504,
"FRA","HHDI","NET","AGRWTH","A","1980",0.750587029880925,
"FRA","HHDI","NET","AGRWTH","A","1981",1.94635925674147,
"FRA","HHDI","NET","AGRWTH","A","1982",2.54790775957784,
"FRA","HHDI","NET","AGRWTH","A","1983",0.327668461486189,
"FRA","HHDI","NET","AGRWTH","A","1984",-0.386952046889713,
"FRA","HHDI","NET","AGRWTH","A","1985",1.31016201414583,
"FRA","HHDI","NET","AGRWTH","A","1986",2.52205029440032,
"FRA","HHDI","NET","AGRWTH","A","1987",1.50396985399344,
"FRA","HHDI","NET","AGRWTH","A","1988",3.34989306146295,
"FRA","HHDI","NET","AGRWTH","A","1989",3.52386854026722,
"FRA","HHDI","NET","AGRWTH","A","1990",3.77017889503385,
"FRA","HHDI","NET","AGRWTH","A","1991",1.77599115950939,
"FRA","HHDI","NET","AGRWTH","A","1992",2.4692332426555,
"FRA","HHDI","NET","AGRWTH","A","1993",1.22919113711984,
"FRA","HHDI","NET","AGRWTH","A","1994",0.810407021206602,
"FRA","HHDI","NET","AGRWTH","A","1995",2.30203483557034,
"FRA","HHDI","NET","AGRWTH","A","1996",1.049799644949,
"FRA","HHDI","NET","AGRWTH","A","1997",1.46703667607842,
"FRA","HHDI","NET","AGRWTH","A","1998",2.96371736195521,
"FRA","HHDI","NET","AGRWTH","A","1999",2.68492632703408,
"FRA","HHDI","NET","AGRWTH","A","2000",3.26311480736821,
"FRA","HHDI","NET","AGRWTH","A","2001",2.98744389901004,
"FRA","HHDI","NET","AGRWTH","A","2002",3.02956683916906,
"FRA","HHDI","NET","AGRWTH","A","2003",0.978909211673498,
"FRA","HHDI","NET","AGRWTH","A","2004",2.12252565115803,
"FRA","HHDI","NET","AGRWTH","A","2005",0.936815483850293,
"FRA","HHDI","NET","AGRWTH","A","2006",2.05223917506913,
"FRA","HHDI","NET","AGRWTH","A","2007",2.81639492307214,
"FRA","HHDI","NET","AGRWTH","A","2008",0.348176002329423,
"FRA","HHDI","NET","AGRWTH","A","2009",1.75450104116235,
"FRA","HHDI","NET","AGRWTH","A","2010",1.4398051768995,
"FRA","HHDI","NET","AGRWTH","A","2011",0.401193639047789,
"FRA","HHDI","NET","AGRWTH","A","2012",-0.324883158392714,
"FRA","HHDI","NET","AGRWTH","A","2013",0.050829894916839,
"FRA","HHDI","NET","AGRWTH","A","2014",0.925236180250994,
"FRA","HHDI","NET","AGRWTH","A","2015",1.69064321213796,
"DEU","HHDI","NET","AGRWTH","A","1996",1.29646494367303,
"DEU","HHDI","NET","AGRWTH","A","1997",0.525287475762486,
"DEU","HHDI","NET","AGRWTH","A","1998",1.16444489487317,
"DEU","HHDI","NET","AGRWTH","A","1999",1.83634691550755,
"DEU","HHDI","NET","AGRWTH","A","2000",1.00824036108976,
"DEU","HHDI","NET","AGRWTH","A","2001",2.47893969764851,
"DEU","HHDI","NET","AGRWTH","A","2002",-0.461954269639026,
"DEU","HHDI","NET","AGRWTH","A","2003",0.789378608916034,
"DEU","HHDI","NET","AGRWTH","A","2004",0.466328436360555,
"DEU","HHDI","NET","AGRWTH","A","2005",0.402568505742854,
"DEU","HHDI","NET","AGRWTH","A","2006",0.990761544776883,
"DEU","HHDI","NET","AGRWTH","A","2007",0.401535154712268,
"DEU","HHDI","NET","AGRWTH","A","2008",1.0559646515575,
"DEU","HHDI","NET","AGRWTH","A","2009",-0.090146963964962,
"DEU","HHDI","NET","AGRWTH","A","2010",0.659189175653108,
"DEU","HHDI","NET","AGRWTH","A","2011",1.03307837777567,
"DEU","HHDI","NET","AGRWTH","A","2012",0.827661626052415,
"DEU","HHDI","NET","AGRWTH","A","2013",0.726413231193675,
"DEU","HHDI","NET","AGRWTH","A","2014",1.50145203528757,
"GRC","HHDI","NET","AGRWTH","A","1996",0.565530388286546,
"GRC","HHDI","NET","AGRWTH","A","1997",0.502655078645146,
"GRC","HHDI","NET","AGRWTH","A","1998",4.25620279328327,
"GRC","HHDI","NET","AGRWTH","A","1999",2.14655142658273,
"GRC","HHDI","NET","AGRWTH","A","2000",0.329479799408488,
"GRC","HHDI","NET","AGRWTH","A","2001",3.68168525663489,
"GRC","HHDI","NET","AGRWTH","A","2002",4.44710629150802,
"GRC","HHDI","NET","AGRWTH","A","2003",7.60970296934367,
"GRC","HHDI","NET","AGRWTH","A","2004",3.22205054139253,
"GRC","HHDI","NET","AGRWTH","A","2005",0.568829503478553,
"GRC","HHDI","NET","AGRWTH","A","2006",5.39550089961257,
"GRC","HHDI","NET","AGRWTH","A","2007",3.15386136177844,
"GRC","HHDI","NET","AGRWTH","A","2008",0.836267359299412,
"GRC","HHDI","NET","AGRWTH","A","2009",0.631335443869078,
"GRC","HHDI","NET","AGRWTH","A","2010",-10.5006427462999,
"GRC","HHDI","NET","AGRWTH","A","2011",-10.5605717214914,
"GRC","HHDI","NET","AGRWTH","A","2012",-9.75793220170962,
"GRC","HHDI","NET","AGRWTH","A","2013",-6.56464298229496,
"GRC","HHDI","NET","AGRWTH","A","2014",-1.60593373783114,
"HUN","HHDI","NET","AGRWTH","A","1996",-3.55410653019535,
"HUN","HHDI","NET","AGRWTH","A","1997",-0.507768444549209,
"HUN","HHDI","NET","AGRWTH","A","1998",1.92498047261292,
"HUN","HHDI","NET","AGRWTH","A","1999",1.52002275128949,
"HUN","HHDI","NET","AGRWTH","A","2000",1.21673271073999,
"HUN","HHDI","NET","AGRWTH","A","2001",4.87560164548041,
"HUN","HHDI","NET","AGRWTH","A","2002",4.98260205739842,
"HUN","HHDI","NET","AGRWTH","A","2003",6.15025571233831,
"HUN","HHDI","NET","AGRWTH","A","2004",4.37769595905346,
"HUN","HHDI","NET","AGRWTH","A","2005",4.00603502971733,
"HUN","HHDI","NET","AGRWTH","A","2006",1.60380293333983,
"HUN","HHDI","NET","AGRWTH","A","2007",-4.06724665386038,
"HUN","HHDI","NET","AGRWTH","A","2008",-1.47904229586862,
"HUN","HHDI","NET","AGRWTH","A","2009",-3.66020068078646,
"HUN","HHDI","NET","AGRWTH","A","2010",-2.60198843163223,
"HUN","HHDI","NET","AGRWTH","A","2011",3.30907539511054,
"HUN","HHDI","NET","AGRWTH","A","2012",-3.10175638893482,
"HUN","HHDI","NET","AGRWTH","A","2013",1.64390881663727,
"HUN","HHDI","NET","AGRWTH","A","2014",2.41320400497444,
"IRL","HHDI","NET","AGRWTH","A","2000",4.84193888589685,
"IRL","HHDI","NET","AGRWTH","A","2001",10.4721341561292,
"IRL","HHDI","NET","AGRWTH","A","2002",3.08843911901679,
"IRL","HHDI","NET","AGRWTH","A","2003",3.06356180178389,
"IRL","HHDI","NET","AGRWTH","A","2004",4.67733867754238,
"IRL","HHDI","NET","AGRWTH","A","2005",6.54617342027885,
"IRL","HHDI","NET","AGRWTH","A","2006",3.90350176394948,
"IRL","HHDI","NET","AGRWTH","A","2007",6.32944011233688,
"IRL","HHDI","NET","AGRWTH","A","2008",5.25710508503481,
"IRL","HHDI","NET","AGRWTH","A","2009",0.935673144532569,
"IRL","HHDI","NET","AGRWTH","A","2010",-2.65868762375655,
"IRL","HHDI","NET","AGRWTH","A","2011",-2.86446934662473,
"IRL","HHDI","NET","AGRWTH","A","2012",-1.8490674178481,
"IRL","HHDI","NET","AGRWTH","A","2013",-1.03359865557152,
"IRL","HHDI","NET","AGRWTH","A","2014",1.90942822333489,
"ITA","HHDI","NET","AGRWTH","A","1996",1.36771051750807,
"ITA","HHDI","NET","AGRWTH","A","1997",0.146250316754362,
"ITA","HHDI","NET","AGRWTH","A","1998",-0.858204161604304,
"ITA","HHDI","NET","AGRWTH","A","1999",1.05980481345814,
"ITA","HHDI","NET","AGRWTH","A","2000",1.10681304964936,
"ITA","HHDI","NET","AGRWTH","A","2001",2.64558929257966,
"ITA","HHDI","NET","AGRWTH","A","2002",1.04796198607928,
"ITA","HHDI","NET","AGRWTH","A","2003",0.644596721657669,
"ITA","HHDI","NET","AGRWTH","A","2004",1.44207738061467,
"ITA","HHDI","NET","AGRWTH","A","2005",0.558276907281625,
"ITA","HHDI","NET","AGRWTH","A","2006",1.02131044485612,
"ITA","HHDI","NET","AGRWTH","A","2007",1.21227149796463,
"ITA","HHDI","NET","AGRWTH","A","2008",-1.06089481295991,
"ITA","HHDI","NET","AGRWTH","A","2009",-1.86369070662399,
"ITA","HHDI","NET","AGRWTH","A","2010",-1.42440650195803,
"ITA","HHDI","NET","AGRWTH","A","2011",-0.577140381227497,
"ITA","HHDI","NET","AGRWTH","A","2012",-4.92797779928962,
"ITA","HHDI","NET","AGRWTH","A","2013",-0.663352142053073,
"ITA","HHDI","NET","AGRWTH","A","2014",-0.024861112953494,
"ITA","HHDI","NET","AGRWTH","A","2015",0.613414539099465,
"JPN","HHDI","NET","AGRWTH","A","1995",1.51578472117053,
"JPN","HHDI","NET","AGRWTH","A","1996",0.497861731779329,
"JPN","HHDI","NET","AGRWTH","A","1997",0.367537501385073,
"JPN","HHDI","NET","AGRWTH","A","1998",0.451987740635082,
"JPN","HHDI","NET","AGRWTH","A","1999",0.176116957644031,
"JPN","HHDI","NET","AGRWTH","A","2000",-0.155504314846893,
"JPN","HHDI","NET","AGRWTH","A","2001",-0.978528581326025,
"JPN","HHDI","NET","AGRWTH","A","2002",1.16667227475924,
"JPN","HHDI","NET","AGRWTH","A","2003",0.245270034051539,
"JPN","HHDI","NET","AGRWTH","A","2004",1.19199699430389,
"JPN","HHDI","NET","AGRWTH","A","2005",1.03140114791757,
"JPN","HHDI","NET","AGRWTH","A","2006",0.811798813165448,
"JPN","HHDI","NET","AGRWTH","A","2007",1.01059017537113,
"JPN","HHDI","NET","AGRWTH","A","2008",-0.824020708747325,
"JPN","HHDI","NET","AGRWTH","A","2009",1.42377004655066,
"JPN","HHDI","NET","AGRWTH","A","2010",2.52883276536231,
"JPN","HHDI","NET","AGRWTH","A","2011",1.05213276500704,
"JPN","HHDI","NET","AGRWTH","A","2012",1.29418926788503,
"JPN","HHDI","NET","AGRWTH","A","2013",0.609154044478843,
"JPN","HHDI","NET","AGRWTH","A","2014",-0.918310665395795,
"KOR","HHDI","NET","AGRWTH","A","1976",13.0625576138638,
"KOR","HHDI","NET","AGRWTH","A","1977",9.04995126350033,
"KOR","HHDI","NET","AGRWTH","A","1978",11.855292730035,
"KOR","HHDI","NET","AGRWTH","A","1979",6.2489192523512,
"KOR","HHDI","NET","AGRWTH","A","1980",-8.20329099227574,
"KOR","HHDI","NET","AGRWTH","A","1981",5.84551817248262,
"KOR","HHDI","NET","AGRWTH","A","1982",8.62606791030179,
"KOR","HHDI","NET","AGRWTH","A","1983",10.2136000447658,
"KOR","HHDI","NET","AGRWTH","A","1984",11.0564393016476,
"KOR","HHDI","NET","AGRWTH","A","1985",7.52716512160762,
"KOR","HHDI","NET","AGRWTH","A","1986",14.6492495901717,
"KOR","HHDI","NET","AGRWTH","A","1987",12.2085133821384,
"KOR","HHDI","NET","AGRWTH","A","1988",11.4962686796625,
"KOR","HHDI","NET","AGRWTH","A","1989",8.21473846787334,
"KOR","HHDI","NET","AGRWTH","A","1990",8.78150142993848,
"KOR","HHDI","NET","AGRWTH","A","1991",11.2285965289236,
"KOR","HHDI","NET","AGRWTH","A","1992",4.8003516858824,
"KOR","HHDI","NET","AGRWTH","A","1993",4.93063116203975,
"KOR","HHDI","NET","AGRWTH","A","1994",6.69309223186773,
"KOR","HHDI","NET","AGRWTH","A","1995",6.48729484514722,
"KOR","HHDI","NET","AGRWTH","A","1996",6.35487508689063,
"KOR","HHDI","NET","AGRWTH","A","1997",1.93611113311623,
"KOR","HHDI","NET","AGRWTH","A","1998",-3.09782768958289,
"KOR","HHDI","NET","AGRWTH","A","1999",2.58737517162855,
"KOR","HHDI","NET","AGRWTH","A","2000",0.830721080920143,
"KOR","HHDI","NET","AGRWTH","A","2001",2.02552490820079,
"KOR","HHDI","NET","AGRWTH","A","2002",3.99184126065712,
"KOR","HHDI","NET","AGRWTH","A","2003",3.36015348320725,
"KOR","HHDI","NET","AGRWTH","A","2004",3.81522679831752,
"KOR","HHDI","NET","AGRWTH","A","2005",2.76093405626734,
"KOR","HHDI","NET","AGRWTH","A","2006",3.83403713323894,
"KOR","HHDI","NET","AGRWTH","A","2007",3.05424337164646,
"KOR","HHDI","NET","AGRWTH","A","2008",1.67938814924984,
"KOR","HHDI","NET","AGRWTH","A","2009",1.78235687490872,
"KOR","HHDI","NET","AGRWTH","A","2010",3.59285048707654,
"KOR","HHDI","NET","AGRWTH","A","2011",2.40448353184977,
"KOR","HHDI","NET","AGRWTH","A","2012",1.84642967273049,
"KOR","HHDI","NET","AGRWTH","A","2013",3.95306176434267,
"KOR","HHDI","NET","AGRWTH","A","2014",3.64518417349536,
"MEX","HHDI","NET","AGRWTH","A","2004",3.6529917451299,
"MEX","HHDI","NET","AGRWTH","A","2005",3.49021098679865,
"MEX","HHDI","NET","AGRWTH","A","2006",6.30474990681447,
"MEX","HHDI","NET","AGRWTH","A","2007",2.37756080611752,
"MEX","HHDI","NET","AGRWTH","A","2008",2.06155254926971,
"MEX","HHDI","NET","AGRWTH","A","2009",-6.88878803732544,
"MEX","HHDI","NET","AGRWTH","A","2010",5.99463013825517,
"MEX","HHDI","NET","AGRWTH","A","2011",3.30897957189317,
"MEX","HHDI","NET","AGRWTH","A","2012",2.59702332842179,
"MEX","HHDI","NET","AGRWTH","A","2013",3.20032710427179,
"NLD","HHDI","NET","AGRWTH","A","1996",2.11872308460977,
"NLD","HHDI","NET","AGRWTH","A","1997",4.3971146646753,
"NLD","HHDI","NET","AGRWTH","A","1998",3.35010498669556,
"NLD","HHDI","NET","AGRWTH","A","1999",3.28083914782806,
"NLD","HHDI","NET","AGRWTH","A","2000",2.55359447063615,
"NLD","HHDI","NET","AGRWTH","A","2001",5.94014458847159,
"NLD","HHDI","NET","AGRWTH","A","2002",0.638627356271657,
"NLD","HHDI","NET","AGRWTH","A","2003",-0.358638360603641,
"NLD","HHDI","NET","AGRWTH","A","2004",0.022490104546012,
"NLD","HHDI","NET","AGRWTH","A","2005",-0.084047186234731,
"NLD","HHDI","NET","AGRWTH","A","2006",3.27734622353796,
"NLD","HHDI","NET","AGRWTH","A","2007",1.89002149497371,
"NLD","HHDI","NET","AGRWTH","A","2008",0.154234821927703,
"NLD","HHDI","NET","AGRWTH","A","2009",1.6893536173727,
"NLD","HHDI","NET","AGRWTH","A","2010",-0.018235560622247,
"NLD","HHDI","NET","AGRWTH","A","2011",0.809576896813615,
"NLD","HHDI","NET","AGRWTH","A","2012",-0.793811364477497,
"NLD","HHDI","NET","AGRWTH","A","2013",-1.2261494109532,
"NLD","HHDI","NET","AGRWTH","A","2014",-0.221582475175917,
"NLD","HHDI","NET","AGRWTH","A","2015",2.628594669201,
"NZL","HHDI","NET","AGRWTH","A","1999",6.04625904929434,
"NZL","HHDI","NET","AGRWTH","A","2000",-3.12504572699426,
"NZL","HHDI","NET","AGRWTH","A","2001",4.36057838835199,
"NZL","HHDI","NET","AGRWTH","A","2002",1.08259024639786,
"NZL","HHDI","NET","AGRWTH","A","2003",8.64982135964357,
"NZL","HHDI","NET","AGRWTH","A","2004",4.87565553535089,
"NZL","HHDI","NET","AGRWTH","A","2005",3.27560224260922,
"NZL","HHDI","NET","AGRWTH","A","2006",4.59393443889172,
"NZL","HHDI","NET","AGRWTH","A","2007",6.27088951371162,
"NZL","HHDI","NET","AGRWTH","A","2008",-1.54901566691334,
"NZL","HHDI","NET","AGRWTH","A","2009",3.20156710054354,
"NZL","HHDI","NET","AGRWTH","A","2010",2.48447018362954,
"NZL","HHDI","NET","AGRWTH","A","2011",3.33761046675085,
"NZL","HHDI","NET","AGRWTH","A","2012",2.44574189858414,
"NZL","HHDI","NET","AGRWTH","A","2013",1.80548614791498,
"NOR","HHDI","NET","AGRWTH","A","1979",0.813272817114838,
"NOR","HHDI","NET","AGRWTH","A","1980",3.36047765338719,
"NOR","HHDI","NET","AGRWTH","A","1981",2.77110848159117,
"NOR","HHDI","NET","AGRWTH","A","1982",0.627884428627402,
"NOR","HHDI","NET","AGRWTH","A","1983",1.74056407081573,
"NOR","HHDI","NET","AGRWTH","A","1984",3.09923511035415,
"NOR","HHDI","NET","AGRWTH","A","1985",2.21441218604707,
"NOR","HHDI","NET","AGRWTH","A","1986",1.99606713097889,
"NOR","HHDI","NET","AGRWTH","A","1987",0.317349899752624,
"NOR","HHDI","NET","AGRWTH","A","1988",0.461059847885394,
"NOR","HHDI","NET","AGRWTH","A","1989",1.74555595334399,
"NOR","HHDI","NET","AGRWTH","A","1990",2.2463071520323,
"NOR","HHDI","NET","AGRWTH","A","1991",3.79130157038953,
"NOR","HHDI","NET","AGRWTH","A","1992",4.37710743023481,
"NOR","HHDI","NET","AGRWTH","A","1993",3.87966904304909,
"NOR","HHDI","NET","AGRWTH","A","1994",2.24331101513703,
"NOR","HHDI","NET","AGRWTH","A","1995",2.55212561514038,
"NOR","HHDI","NET","AGRWTH","A","1996",3.98489713335406,
"NOR","HHDI","NET","AGRWTH","A","1997",4.07777287820258,
"NOR","HHDI","NET","AGRWTH","A","1998",5.59806452689889,
"NOR","HHDI","NET","AGRWTH","A","1999",2.90219929689199,
"NOR","HHDI","NET","AGRWTH","A","2000",3.60958706095263,
"NOR","HHDI","NET","AGRWTH","A","2001",0.81970324021123,
"NOR","HHDI","NET","AGRWTH","A","2002",7.31039107220571,
"NOR","HHDI","NET","AGRWTH","A","2003",4.29954798549262,
"NOR","HHDI","NET","AGRWTH","A","2004",3.1623287455894,
"NOR","HHDI","NET","AGRWTH","A","2005",7.32224391094417,
"NOR","HHDI","NET","AGRWTH","A","2006",-4.64981793546487,
"NOR","HHDI","NET","AGRWTH","A","2007",5.19488610254117,
"NOR","HHDI","NET","AGRWTH","A","2008",3.03476347226033,
"NOR","HHDI","NET","AGRWTH","A","2009",3.97547449999025,
"NOR","HHDI","NET","AGRWTH","A","2010",2.27186141944234,
"NOR","HHDI","NET","AGRWTH","A","2011",3.21728426048808,
"NOR","HHDI","NET","AGRWTH","A","2012",3.74197690076802,
"NOR","HHDI","NET","AGRWTH","A","2013",3.05314602841011,
"NOR","HHDI","NET","AGRWTH","A","2014",2.72132536492577,
"NOR","HHDI","NET","AGRWTH","A","2015",2.33951698856532,
"POL","HHDI","NET","AGRWTH","A","2001",3.74171023177958,
"POL","HHDI","NET","AGRWTH","A","2002",-0.049200444749039,
"POL","HHDI","NET","AGRWTH","A","2003",1.01188136458129,
"POL","HHDI","NET","AGRWTH","A","2004",0.402562324559038,
"POL","HHDI","NET","AGRWTH","A","2005",1.24357142335739,
"POL","HHDI","NET","AGRWTH","A","2006",4.46589379659657,
"POL","HHDI","NET","AGRWTH","A","2007",5.00768753049992,
"POL","HHDI","NET","AGRWTH","A","2008",4.51948007542002,
"POL","HHDI","NET","AGRWTH","A","2009",5.79137772340216,
"POL","HHDI","NET","AGRWTH","A","2010",1.87486719032918,
"POL","HHDI","NET","AGRWTH","A","2011",0.069677797996785,
"POL","HHDI","NET","AGRWTH","A","2012",1.07862010347674,
"POL","HHDI","NET","AGRWTH","A","2013",2.21768891858813,
"PRT","HHDI","NET","AGRWTH","A","1996",2.43507637325613,
"PRT","HHDI","NET","AGRWTH","A","1997",2.82913921808827,
"PRT","HHDI","NET","AGRWTH","A","1998",6.20958423179603,
"PRT","HHDI","NET","AGRWTH","A","1999",4.76299626480132,
"PRT","HHDI","NET","AGRWTH","A","2000",2.62538841691002,
"PRT","HHDI","NET","AGRWTH","A","2001",1.76922342330827,
"PRT","HHDI","NET","AGRWTH","A","2002",1.10045763095502,
"PRT","HHDI","NET","AGRWTH","A","2003",-1.00392027671404,
"PRT","HHDI","NET","AGRWTH","A","2004",2.45786884290456,
"PRT","HHDI","NET","AGRWTH","A","2005",1.11087297457371,
"PRT","HHDI","NET","AGRWTH","A","2006",-0.148179813741227,
"PRT","HHDI","NET","AGRWTH","A","2007",1.22491763769569,
"PRT","HHDI","NET","AGRWTH","A","2008",1.08980702030058,
"PRT","HHDI","NET","AGRWTH","A","2009",1.73524988612925,
"PRT","HHDI","NET","AGRWTH","A","2010",0.706211913622353,
"PRT","HHDI","NET","AGRWTH","A","2011",-5.57094847253958,
"PRT","HHDI","NET","AGRWTH","A","2012",-4.80120311996538,
"PRT","HHDI","NET","AGRWTH","A","2013",-0.710142638649511,
"PRT","HHDI","NET","AGRWTH","A","2014",-0.244517159998768,"E"
"PRT","HHDI","NET","AGRWTH","A","2015",1.0013818441529,"E"
"SVK","HHDI","NET","AGRWTH","A","1996",22.2068163233556,
"SVK","HHDI","NET","AGRWTH","A","1997",10.7970971013887,
"SVK","HHDI","NET","AGRWTH","A","1998",4.49747951503268,
"SVK","HHDI","NET","AGRWTH","A","1999",-4.76676910744292,
"SVK","HHDI","NET","AGRWTH","A","2000",1.02016183585462,
"SVK","HHDI","NET","AGRWTH","A","2001",2.66902291850688,
"SVK","HHDI","NET","AGRWTH","A","2002",5.17034883091624,
"SVK","HHDI","NET","AGRWTH","A","2003",0.029208987813844,
"SVK","HHDI","NET","AGRWTH","A","2004",2.90501524386202,
"SVK","HHDI","NET","AGRWTH","A","2005",5.12837454668893,
"SVK","HHDI","NET","AGRWTH","A","2006",3.94221905065934,
"SVK","HHDI","NET","AGRWTH","A","2007",10.291366539581,
"SVK","HHDI","NET","AGRWTH","A","2008",5.44157537774149,
"SVK","HHDI","NET","AGRWTH","A","2009",1.40389552989096,
"SVK","HHDI","NET","AGRWTH","A","2010",2.80469617200794,
"SVK","HHDI","NET","AGRWTH","A","2011",-2.6761298256228,
"SVK","HHDI","NET","AGRWTH","A","2012",-1.42308246098587,
"SVK","HHDI","NET","AGRWTH","A","2013",1.99480873312391,
"SVK","HHDI","NET","AGRWTH","A","2014",5.36274929605422,
"ESP","HHDI","NET","AGRWTH","A","2000",5.25739589318785,
"ESP","HHDI","NET","AGRWTH","A","2001",3.25148026448089,
"ESP","HHDI","NET","AGRWTH","A","2002",3.41112145915068,
"ESP","HHDI","NET","AGRWTH","A","2003",3.95377127037662,
"ESP","HHDI","NET","AGRWTH","A","2004",2.97263453081649,
"ESP","HHDI","NET","AGRWTH","A","2005",2.90452192398682,
"ESP","HHDI","NET","AGRWTH","A","2006",2.09461903972221,
"ESP","HHDI","NET","AGRWTH","A","2007",1.22331456457927,
"ESP","HHDI","NET","AGRWTH","A","2008",2.43761507300493,
"ESP","HHDI","NET","AGRWTH","A","2009",3.43002746411995,
"ESP","HHDI","NET","AGRWTH","A","2010",-2.87471271437394,
"ESP","HHDI","NET","AGRWTH","A","2011",-1.24860950655637,
"ESP","HHDI","NET","AGRWTH","A","2012",-5.212339760878,
"ESP","HHDI","NET","AGRWTH","A","2013",-1.78372579471481,
"ESP","HHDI","NET","AGRWTH","A","2014",0.62171743637873,
"SWE","HHDI","NET","AGRWTH","A","1996",-0.408326511902689,
"SWE","HHDI","NET","AGRWTH","A","1997",-1.21601303581185,
"SWE","HHDI","NET","AGRWTH","A","1998",2.80719851968097,
"SWE","HHDI","NET","AGRWTH","A","1999",2.64000074790019,
"SWE","HHDI","NET","AGRWTH","A","2000",3.47966720457114,
"SWE","HHDI","NET","AGRWTH","A","2001",5.60821997168281,
"SWE","HHDI","NET","AGRWTH","A","2002",2.95712379758044,
"SWE","HHDI","NET","AGRWTH","A","2003",0.608323844081397,
"SWE","HHDI","NET","AGRWTH","A","2004",0.996452814103507,
"SWE","HHDI","NET","AGRWTH","A","2005",1.92440850440659,
"SWE","HHDI","NET","AGRWTH","A","2006",3.40732039740644,
"SWE","HHDI","NET","AGRWTH","A","2007",4.05490110238839,
"SWE","HHDI","NET","AGRWTH","A","2008",1.73385196650253,
"SWE","HHDI","NET","AGRWTH","A","2009",2.52710671500056,
"SWE","HHDI","NET","AGRWTH","A","2010",1.51585510171973,
"SWE","HHDI","NET","AGRWTH","A","2011",3.11204593809672,
"SWE","HHDI","NET","AGRWTH","A","2012",2.7556069600492,
"SWE","HHDI","NET","AGRWTH","A","2013",1.37347081725258,
"SWE","HHDI","NET","AGRWTH","A","2014",1.71369350206782,
"SWE","HHDI","NET","AGRWTH","A","2015",2.58556032335032,
"CHE","HHDI","NET","AGRWTH","A","1996",0.476372511683659,
"CHE","HHDI","NET","AGRWTH","A","1997",1.98611332648907,
"CHE","HHDI","NET","AGRWTH","A","1998",2.8751603019612,
"CHE","HHDI","NET","AGRWTH","A","1999",2.89170297858523,
"CHE","HHDI","NET","AGRWTH","A","2000",2.85135133321449,
"CHE","HHDI","NET","AGRWTH","A","2001",2.67075611063677,
"CHE","HHDI","NET","AGRWTH","A","2002",0.001619755716483,
"CHE","HHDI","NET","AGRWTH","A","2003",-0.125818793148118,
"CHE","HHDI","NET","AGRWTH","A","2004",1.33669973435065,
"CHE","HHDI","NET","AGRWTH","A","2005",1.65738775852609,
"CHE","HHDI","NET","AGRWTH","A","2006",3.09048017381701,
"CHE","HHDI","NET","AGRWTH","A","2007",3.51064020985155,
"CHE","HHDI","NET","AGRWTH","A","2008",0.721719416670805,
"CHE","HHDI","NET","AGRWTH","A","2009",2.60219336968811,
"CHE","HHDI","NET","AGRWTH","A","2010",1.06853920561252,
"CHE","HHDI","NET","AGRWTH","A","2011",1.73745847370601,
"CHE","HHDI","NET","AGRWTH","A","2012",3.99193583993375,
"CHE","HHDI","NET","AGRWTH","A","2013",3.00407487502596,
"GBR","HHDI","NET","AGRWTH","A","1996",2.88480092718677,
"GBR","HHDI","NET","AGRWTH","A","1997",3.63787968185579,
"GBR","HHDI","NET","AGRWTH","A","1998",2.64029795381867,
"GBR","HHDI","NET","AGRWTH","A","1999",3.17990821894996,
"GBR","HHDI","NET","AGRWTH","A","2000",5.6999643245288,
"GBR","HHDI","NET","AGRWTH","A","2001",4.45582109372112,
"GBR","HHDI","NET","AGRWTH","A","2002",2.07236096003347,
"GBR","HHDI","NET","AGRWTH","A","2003",2.00740957307714,
"GBR","HHDI","NET","AGRWTH","A","2004",1.25918763057502,
"GBR","HHDI","NET","AGRWTH","A","2005",2.18012963607907,
"GBR","HHDI","NET","AGRWTH","A","2006",1.28360174345376,
"GBR","HHDI","NET","AGRWTH","A","2007",2.34132932135888,
"GBR","HHDI","NET","AGRWTH","A","2008",0.815244515158984,
"GBR","HHDI","NET","AGRWTH","A","2009",2.7887095204261,
"GBR","HHDI","NET","AGRWTH","A","2010",1.05888525028328,
"GBR","HHDI","NET","AGRWTH","A","2011",-1.58230704707461,
"GBR","HHDI","NET","AGRWTH","A","2012",2.12635931001237,
"GBR","HHDI","NET","AGRWTH","A","2013",-0.060250512042386,
"GBR","HHDI","NET","AGRWTH","A","2014",1.5236691213168,
"GBR","HHDI","NET","AGRWTH","A","2015",3.41675444748325,
"USA","HHDI","NET","AGRWTH","A","1971",4.59111981309908,
"USA","HHDI","NET","AGRWTH","A","1972",4.71109658644053,
"USA","HHDI","NET","AGRWTH","A","1973",5.87747642789349,
"USA","HHDI","NET","AGRWTH","A","1974",-0.516945811810107,
"USA","HHDI","NET","AGRWTH","A","1975",2.63714203203648,
"USA","HHDI","NET","AGRWTH","A","1976",3.07573378392718,
"USA","HHDI","NET","AGRWTH","A","1977",3.02112013667728,
"USA","HHDI","NET","AGRWTH","A","1978",4.26058800588282,
"USA","HHDI","NET","AGRWTH","A","1979",1.77609936858467,
"USA","HHDI","NET","AGRWTH","A","1980",0.521557518757789,
"USA","HHDI","NET","AGRWTH","A","1981",2.04772019033531,
"USA","HHDI","NET","AGRWTH","A","1982",1.62763561156712,
"USA","HHDI","NET","AGRWTH","A","1983",3.1794781031818,
"USA","HHDI","NET","AGRWTH","A","1984",6.51687765479888,
"USA","HHDI","NET","AGRWTH","A","1985",2.73856019094296,
"USA","HHDI","NET","AGRWTH","A","1986",3.77145804095013,
"USA","HHDI","NET","AGRWTH","A","1987",2.2468458827191,
"USA","HHDI","NET","AGRWTH","A","1988",4.80415706118428,
"USA","HHDI","NET","AGRWTH","A","1989",2.97445481219425,
"USA","HHDI","NET","AGRWTH","A","1990",2.15608919850511,
"USA","HHDI","NET","AGRWTH","A","1991",0.748139783482797,
"USA","HHDI","NET","AGRWTH","A","1992",4.3243537393199,
"USA","HHDI","NET","AGRWTH","A","1993",1.6939829738578,
"USA","HHDI","NET","AGRWTH","A","1994",2.73358326912822,
"USA","HHDI","NET","AGRWTH","A","1995",3.03022207082867,
"USA","HHDI","NET","AGRWTH","A","1996",2.86438449005128,
"USA","HHDI","NET","AGRWTH","A","1997",3.46207836842093,
"USA","HHDI","NET","AGRWTH","A","1998",5.6840653116422,
"USA","HHDI","NET","AGRWTH","A","1999",3.20514730398846,
"USA","HHDI","NET","AGRWTH","A","2000",4.66773149712637,
"USA","HHDI","NET","AGRWTH","A","2001",2.80830430214556,
"USA","HHDI","NET","AGRWTH","A","2002",3.28192800382818,
"USA","HHDI","NET","AGRWTH","A","2003",2.71254645666048,
"USA","HHDI","NET","AGRWTH","A","2004",3.26677776779518,
"USA","HHDI","NET","AGRWTH","A","2005",1.3270806156407,
"USA","HHDI","NET","AGRWTH","A","2006",3.59510847799491,
"USA","HHDI","NET","AGRWTH","A","2007",1.82855566074709,
"USA","HHDI","NET","AGRWTH","A","2008",1.69860188361841,
"USA","HHDI","NET","AGRWTH","A","2009",-0.078898080924574,
"USA","HHDI","NET","AGRWTH","A","2010",1.09052446365855,
"USA","HHDI","NET","AGRWTH","A","2011",2.29979762604931,
"USA","HHDI","NET","AGRWTH","A","2012",3.07291340684824,
"USA","HHDI","NET","AGRWTH","A","2013",-1.19809480569891,
"EST","HHDI","NET","AGRWTH","A","1996",0.434165158908483,
"EST","HHDI","NET","AGRWTH","A","1997",2.14458072450332,
"EST","HHDI","NET","AGRWTH","A","1998",2.19687210928696,
"EST","HHDI","NET","AGRWTH","A","1999",0.643415296116026,
"EST","HHDI","NET","AGRWTH","A","2000",6.24889662877022,
"EST","HHDI","NET","AGRWTH","A","2001",3.31611426303738,
"EST","HHDI","NET","AGRWTH","A","2002",1.87470997669319,
"EST","HHDI","NET","AGRWTH","A","2003",7.40768267973868,
"EST","HHDI","NET","AGRWTH","A","2004",5.50759641862683,
"EST","HHDI","NET","AGRWTH","A","2005",8.16310202880782,
"EST","HHDI","NET","AGRWTH","A","2006",11.3280533111902,
"EST","HHDI","NET","AGRWTH","A","2007",10.2845781393219,
"EST","HHDI","NET","AGRWTH","A","2008",4.98268477380637,
"EST","HHDI","NET","AGRWTH","A","2009",-7.81300047054452,
"EST","HHDI","NET","AGRWTH","A","2010",-3.33681370040213,
"EST","HHDI","NET","AGRWTH","A","2011",3.47282219506286,
"EST","HHDI","NET","AGRWTH","A","2012",-0.227560857674222,
"EST","HHDI","NET","AGRWTH","A","2013",5.12980058716123,
"EST","HHDI","NET","AGRWTH","A","2014",2.26641394116077,
"RUS","HHDI","NET","AGRWTH","A","2003",6.93718021001793,
"RUS","HHDI","NET","AGRWTH","A","2004",8.36900429695183,
"RUS","HHDI","NET","AGRWTH","A","2005",10.9213325884234,
"RUS","HHDI","NET","AGRWTH","A","2006",11.8342401961254,
"RUS","HHDI","NET","AGRWTH","A","2007",12.3301764090661,
"RUS","HHDI","NET","AGRWTH","A","2008",7.23025737969935,
"RUS","HHDI","NET","AGRWTH","A","2009",-1.88301853618656,
"RUS","HHDI","NET","AGRWTH","A","2010",7.01122221776335,
"RUS","HHDI","NET","AGRWTH","A","2011",4.02718770582097,
"RUS","HHDI","NET","AGRWTH","A","2012",4.85260455162102,
"RUS","HHDI","NET","AGRWTH","A","2013",2.43098996185375,
"SVN","HHDI","NET","AGRWTH","A","1996",3.22724436691353,
"SVN","HHDI","NET","AGRWTH","A","1997",5.10528697831134,
"SVN","HHDI","NET","AGRWTH","A","1998",1.82631299040806,
"SVN","HHDI","NET","AGRWTH","A","1999",3.31073992578468,
"SVN","HHDI","NET","AGRWTH","A","2000",4.53718655513332,
"SVN","HHDI","NET","AGRWTH","A","2001",3.88926614838929,
"SVN","HHDI","NET","AGRWTH","A","2002",2.70067363714614,
"SVN","HHDI","NET","AGRWTH","A","2003",0.680055519527296,
"SVN","HHDI","NET","AGRWTH","A","2004",3.21798037784194,
"SVN","HHDI","NET","AGRWTH","A","2005",4.35772116822078,
"SVN","HHDI","NET","AGRWTH","A","2006",2.99135138917058,
"SVN","HHDI","NET","AGRWTH","A","2007",4.09967408309602,
"SVN","HHDI","NET","AGRWTH","A","2008",2.87404794149737,
"SVN","HHDI","NET","AGRWTH","A","2009",-0.73117950622448,
"SVN","HHDI","NET","AGRWTH","A","2010",-0.378509496041968,
"SVN","HHDI","NET","AGRWTH","A","2011",0.291421429008267,
"SVN","HHDI","NET","AGRWTH","A","2012",-3.70726028027463,
"SVN","HHDI","NET","AGRWTH","A","2013",-1.7813833531857,
"SVN","HHDI","NET","AGRWTH","A","2014",1.29077628304378,
"ZAF","HHDI","NET","AGRWTH","A","2009",0.909798156449191,
"ZAF","HHDI","NET","AGRWTH","A","2010",5.02676026826081,
"ZAF","HHDI","NET","AGRWTH","A","2011",4.74704223856159,
"ZAF","HHDI","NET","AGRWTH","A","2012",2.47542362768747,
"ZAF","HHDI","NET","AGRWTH","A","2013",3.18338304082488,
"ZAF","HHDI","NET","AGRWTH","A","2014",1.85570815535026,
"EA","HHDI","NET","AGRWTH","A","2001",2.94967341449763,
"EA","HHDI","NET","AGRWTH","A","2002",1.53916314306906,
"EA","HHDI","NET","AGRWTH","A","2003",1.29358028519116,
"EA","HHDI","NET","AGRWTH","A","2004",1.59751665361183,
"EA","HHDI","NET","AGRWTH","A","2005",1.09542731133345,
"EA","HHDI","NET","AGRWTH","A","2006",1.6303754990732,
"EA","HHDI","NET","AGRWTH","A","2007",1.61026748340736,
"EA","HHDI","NET","AGRWTH","A","2008",0.680709597440176,
"EA","HHDI","NET","AGRWTH","A","2009",0.502924482498528,
"EA","HHDI","NET","AGRWTH","A","2010",-0.437445199467005,
"EA","HHDI","NET","AGRWTH","A","2011",-0.270708837447381,
"EA","HHDI","NET","AGRWTH","A","2012",-1.50634352095076,
"EA","HHDI","NET","AGRWTH","A","2013",-0.228808242342213,
"EA","HHDI","NET","AGRWTH","A","2014",0.790314674411629,
"EA","HHDI","NET","AGRWTH","A","2015",1.66812223031693,
"EU","HHDI","NET","AGRWTH","A","2001",3.42144521732786,
"EU","HHDI","NET","AGRWTH","A","2002",1.62477743399148,
"EU","HHDI","NET","AGRWTH","A","2003",1.61830558178323,
"EU","HHDI","NET","AGRWTH","A","2004",1.56619045999113,
"EU","HHDI","NET","AGRWTH","A","2005",1.49250614435612,
"EU","HHDI","NET","AGRWTH","A","2006",1.7597981553168,
"EU","HHDI","NET","AGRWTH","A","2007",1.86481139211619,
"EU","HHDI","NET","AGRWTH","A","2008",1.25697508244207,
"EU","HHDI","NET","AGRWTH","A","2009",1.38884010733096,
"EU","HHDI","NET","AGRWTH","A","2010",-0.337443341178333,
"EU","HHDI","NET","AGRWTH","A","2011",-0.253938098699769,
"EU","HHDI","NET","AGRWTH","A","2012",-0.816239037491935,
"EU","HHDI","NET","AGRWTH","A","2013",0.017732332164278,
"EU","HHDI","NET","AGRWTH","A","2014",0.569934665087583,
"EU","HHDI","NET","AGRWTH","A","2015",2.23508064101864,
"JPN","HHDI","GROSSADJ","USD_CAP","A","1994",15900.5629261992,
"JPN","HHDI","GROSSADJ","USD_CAP","A","1995",16411.7079158791,
"JPN","HHDI","GROSSADJ","USD_CAP","A","1996",16807.723467125,
"JPN","HHDI","GROSSADJ","USD_CAP","A","1997",17137.7396519228,
"JPN","HHDI","GROSSADJ","USD_CAP","A","1998",17299.3514991598,
"JPN","HHDI","GROSSADJ","USD_CAP","A","1999",17572.2515315372,
"JPN","HHDI","GROSSADJ","USD_CAP","A","2000",18596.0510986774,
"JPN","HHDI","GROSSADJ","USD_CAP","A","2001",18750.196933365,
"JPN","HHDI","GROSSADJ","USD_CAP","A","2002",19826.594948068,
"JPN","HHDI","GROSSADJ","USD_CAP","A","2003",20508.5700391189,
"JPN","HHDI","GROSSADJ","USD_CAP","A","2004",21269.2137714198,
"JPN","HHDI","GROSSADJ","USD_CAP","A","2005",22381.8369545792,
"JPN","HHDI","GROSSADJ","USD_CAP","A","2006",23043.9957013297,
"JPN","HHDI","GROSSADJ","USD_CAP","A","2007",23867.6825931107,
"JPN","HHDI","GROSSADJ","USD_CAP","A","2008",24274.9001463572,
"JPN","HHDI","GROSSADJ","USD_CAP","A","2009",24593.0070390186,
"JPN","HHDI","GROSSADJ","USD_CAP","A","2010",25609.2432085794,
"JPN","HHDI","GROSSADJ","USD_CAP","A","2011",26568.3387464214,
"JPN","HHDI","GROSSADJ","USD_CAP","A","2012",27654.5552170529,
"JPN","HHDI","GROSSADJ","USD_CAP","A","2013",28882.383523282,
"JPN","HHDI","GROSSADJ","USD_CAP","A","2014",28459.9104258193,
"NLD","HHDI","GROSSADJ","USD_CAP","A","1995",16224.0306536629,
"NLD","HHDI","GROSSADJ","USD_CAP","A","1996",16902.4777384271,
"NLD","HHDI","GROSSADJ","USD_CAP","A","1997",17904.0297979457,
"NLD","HHDI","GROSSADJ","USD_CAP","A","1998",18812.675255301,
"NLD","HHDI","GROSSADJ","USD_CAP","A","1999",19829.2860952952,
"NLD","HHDI","GROSSADJ","USD_CAP","A","2000",22067.0311599462,
"NLD","HHDI","GROSSADJ","USD_CAP","A","2001",23578.2797494346,
"NLD","HHDI","GROSSADJ","USD_CAP","A","2002",25356.2869408383,
"NLD","HHDI","GROSSADJ","USD_CAP","A","2003",24330.7036207843,
"NLD","HHDI","GROSSADJ","USD_CAP","A","2004",25128.426590289,
"NLD","HHDI","GROSSADJ","USD_CAP","A","2005",25310.6116335328,
"NLD","HHDI","GROSSADJ","USD_CAP","A","2006",27145.3167319236,
"NLD","HHDI","GROSSADJ","USD_CAP","A","2007",28597.3438425612,
"NLD","HHDI","GROSSADJ","USD_CAP","A","2008",29618.9309903184,
"NLD","HHDI","GROSSADJ","USD_CAP","A","2009",29471.1251554926,
"NLD","HHDI","GROSSADJ","USD_CAP","A","2010",28908.9392975033,
"NLD","HHDI","GROSSADJ","USD_CAP","A","2011",29321.0824981007,
"NLD","HHDI","GROSSADJ","USD_CAP","A","2012",29479.3903716623,
"NLD","HHDI","GROSSADJ","USD_CAP","A","2013",29509.6874958043,
"NLD","HHDI","GROSSADJ","USD_CAP","A","2014",29153.3876427041,
"NLD","HHDI","GROSSADJ","USD_CAP","A","2015",29574.5726550515,
"CZE","HHDI","GROSSADJ","USD_CAP","A","1995",9480.28389412305,
"CZE","HHDI","GROSSADJ","USD_CAP","A","1996",10256.674793529,
"CZE","HHDI","GROSSADJ","USD_CAP","A","1997",10676.3223195503,
"CZE","HHDI","GROSSADJ","USD_CAP","A","1998",10611.91696916,
"CZE","HHDI","GROSSADJ","USD_CAP","A","1999",11012.2280045625,
"CZE","HHDI","GROSSADJ","USD_CAP","A","2000",12004.0078715279,
"CZE","HHDI","GROSSADJ","USD_CAP","A","2001",12962.9031377467,
"CZE","HHDI","GROSSADJ","USD_CAP","A","2002",13744.9714181895,
"CZE","HHDI","GROSSADJ","USD_CAP","A","2003",14317.1502231559,
"CZE","HHDI","GROSSADJ","USD_CAP","A","2004",15020.5706923734,
"CZE","HHDI","GROSSADJ","USD_CAP","A","2005",15437.1292829146,
"CZE","HHDI","GROSSADJ","USD_CAP","A","2006",16383.9179211416,
"CZE","HHDI","GROSSADJ","USD_CAP","A","2007",17392.0290989599,
"CZE","HHDI","GROSSADJ","USD_CAP","A","2008",17181.5981637045,
"CZE","HHDI","GROSSADJ","USD_CAP","A","2009",17961.9716235414,
"CZE","HHDI","GROSSADJ","USD_CAP","A","2010",18310.7965224016,
"CZE","HHDI","GROSSADJ","USD_CAP","A","2011",19029.5945630747,
"CZE","HHDI","GROSSADJ","USD_CAP","A","2012",19305.2050813894,
"CZE","HHDI","GROSSADJ","USD_CAP","A","2013",20037.138870403,
"CZE","HHDI","GROSSADJ","USD_CAP","A","2014",20633.2081444519,
"CZE","HHDI","GROSSADJ","USD_CAP","A","2015",21327.3411202757,
"EU","HHDI","GROSSADJ","USD_CAP","A","1999",16205.4435653625,
"EU","HHDI","GROSSADJ","USD_CAP","A","2000",17724.6881800241,
"EU","HHDI","GROSSADJ","USD_CAP","A","2001",18886.6000450682,
"EU","HHDI","GROSSADJ","USD_CAP","A","2002",20101.4260967204,
"EU","HHDI","GROSSADJ","USD_CAP","A","2003",20318.3547126975,
"EU","HHDI","GROSSADJ","USD_CAP","A","2004",21153.4913193141,
"EU","HHDI","GROSSADJ","USD_CAP","A","2005",21691.765966361,
"EU","HHDI","GROSSADJ","USD_CAP","A","2006",22763.178710092,
"EU","HHDI","GROSSADJ","USD_CAP","A","2007",23734.3678633313,
"EU","HHDI","GROSSADJ","USD_CAP","A","2008",24768.279801998,
"EU","HHDI","GROSSADJ","USD_CAP","A","2009",24887.9701820407,
"EU","HHDI","GROSSADJ","USD_CAP","A","2010",25362.6058467076,
"EU","HHDI","GROSSADJ","USD_CAP","A","2011",25774.7006723211,
"EU","HHDI","GROSSADJ","USD_CAP","A","2012",26309.6235039807,
"EU","HHDI","GROSSADJ","USD_CAP","A","2013",26590.1493597348,
"EU","HHDI","GROSSADJ","USD_CAP","A","2014",26638.8317511531,
"EU","HHDI","GROSSADJ","USD_CAP","A","2015",27335.7432010371,
"DEU","HHDI","GROSSADJ","USD_CAP","A","1995",18674.3480622883,
"DEU","HHDI","GROSSADJ","USD_CAP","A","1996",19280.0556185645,
"DEU","HHDI","GROSSADJ","USD_CAP","A","1997",19511.3136713025,
"DEU","HHDI","GROSSADJ","USD_CAP","A","1998",19766.7497946874,
"DEU","HHDI","GROSSADJ","USD_CAP","A","1999",20621.2592330425,
"DEU","HHDI","GROSSADJ","USD_CAP","A","2000",21759.5294495382,
"DEU","HHDI","GROSSADJ","USD_CAP","A","2001",22760.7014059316,
"DEU","HHDI","GROSSADJ","USD_CAP","A","2002",23759.5986787309,
"DEU","HHDI","GROSSADJ","USD_CAP","A","2003",24643.3063195181,
"DEU","HHDI","GROSSADJ","USD_CAP","A","2004",25430.9945690796,
"DEU","HHDI","GROSSADJ","USD_CAP","A","2005",26668.2032923166,
"DEU","HHDI","GROSSADJ","USD_CAP","A","2006",27715.7997902268,
"DEU","HHDI","GROSSADJ","USD_CAP","A","2007",28706.2853348013,
"DEU","HHDI","GROSSADJ","USD_CAP","A","2008",29982.8450422372,
"DEU","HHDI","GROSSADJ","USD_CAP","A","2009",29677.5277258622,
"DEU","HHDI","GROSSADJ","USD_CAP","A","2010",31530.1932537241,
"DEU","HHDI","GROSSADJ","USD_CAP","A","2011",32742.1118106941,
"DEU","HHDI","GROSSADJ","USD_CAP","A","2012",33845.8399330651,
"DEU","HHDI","GROSSADJ","USD_CAP","A","2013",34286.2419738498,
"DEU","HHDI","GROSSADJ","USD_CAP","A","2014",34887.770541281,
"EA","HHDI","GROSSADJ","USD_CAP","A","1999",18228.837110868,
"EA","HHDI","GROSSADJ","USD_CAP","A","2000",19830.9579703607,
"EA","HHDI","GROSSADJ","USD_CAP","A","2001",21054.8788932218,
"EA","HHDI","GROSSADJ","USD_CAP","A","2002",22295.1461196521,
"EA","HHDI","GROSSADJ","USD_CAP","A","2003",22399.7047083022,
"EA","HHDI","GROSSADJ","USD_CAP","A","2004",23141.6002524126,
"EA","HHDI","GROSSADJ","USD_CAP","A","2005",23758.2418304446,
"EA","HHDI","GROSSADJ","USD_CAP","A","2006",24857.3886931143,
"EA","HHDI","GROSSADJ","USD_CAP","A","2007",25862.9903610198,
"EA","HHDI","GROSSADJ","USD_CAP","A","2008",27013.5758255551,
"EA","HHDI","GROSSADJ","USD_CAP","A","2009",26829.6100943427,
"EA","HHDI","GROSSADJ","USD_CAP","A","2010",27550.5615224234,
"EA","HHDI","GROSSADJ","USD_CAP","A","2011",27964.6749218804,
"EA","HHDI","GROSSADJ","USD_CAP","A","2012",28327.8052591538,
"EA","HHDI","GROSSADJ","USD_CAP","A","2013",28709.2582392147,
"EA","HHDI","GROSSADJ","USD_CAP","A","2014",28827.7667310231,
"EA","HHDI","GROSSADJ","USD_CAP","A","2015",29440.8348717278,
"GRC","HHDI","GROSSADJ","USD_CAP","A","1995",13215.7899745271,
"GRC","HHDI","GROSSADJ","USD_CAP","A","1996",13480.7255202404,
"GRC","HHDI","GROSSADJ","USD_CAP","A","1997",13781.0728229155,
"GRC","HHDI","GROSSADJ","USD_CAP","A","1998",14157.4064415171,
"GRC","HHDI","GROSSADJ","USD_CAP","A","1999",14519.3600395052,
"GRC","HHDI","GROSSADJ","USD_CAP","A","2000",15620.3851790716,
"GRC","HHDI","GROSSADJ","USD_CAP","A","2001",17027.5817119,
"GRC","HHDI","GROSSADJ","USD_CAP","A","2002",19201.6541659787,
"GRC","HHDI","GROSSADJ","USD_CAP","A","2003",19669.0846507476,
"GRC","HHDI","GROSSADJ","USD_CAP","A","2004",20755.0202058576,
"GRC","HHDI","GROSSADJ","USD_CAP","A","2005",20359.7468120418,
"GRC","HHDI","GROSSADJ","USD_CAP","A","2006",21989.0537626772,
"GRC","HHDI","GROSSADJ","USD_CAP","A","2007",23097.0659562171,
"GRC","HHDI","GROSSADJ","USD_CAP","A","2008",24848.9029187424,
"GRC","HHDI","GROSSADJ","USD_CAP","A","2009",25036.5298583461,
"GRC","HHDI","GROSSADJ","USD_CAP","A","2010",23181.3789483899,
"GRC","HHDI","GROSSADJ","USD_CAP","A","2011",21209.9819385341,
"GRC","HHDI","GROSSADJ","USD_CAP","A","2012",20319.7227809526,
"GRC","HHDI","GROSSADJ","USD_CAP","A","2013",19812.8131657826,
"GRC","HHDI","GROSSADJ","USD_CAP","A","2014",19322.2756806126,
"PRT","HHDI","GROSSADJ","USD_CAP","A","1995",10941.1918532824,
"PRT","HHDI","GROSSADJ","USD_CAP","A","1996",11367.1147084246,
"PRT","HHDI","GROSSADJ","USD_CAP","A","1997",11827.1235541641,
"PRT","HHDI","GROSSADJ","USD_CAP","A","1998",12351.6577161276,
"PRT","HHDI","GROSSADJ","USD_CAP","A","1999",13261.0714604167,
"PRT","HHDI","GROSSADJ","USD_CAP","A","2000",14503.9132111526,
"PRT","HHDI","GROSSADJ","USD_CAP","A","2001",15120.1268794374,
"PRT","HHDI","GROSSADJ","USD_CAP","A","2002",15987.4694145866,
"PRT","HHDI","GROSSADJ","USD_CAP","A","2003",16127.136502543,
"PRT","HHDI","GROSSADJ","USD_CAP","A","2004",16868.8899063468,
"PRT","HHDI","GROSSADJ","USD_CAP","A","2005",18153.6879931115,
"PRT","HHDI","GROSSADJ","USD_CAP","A","2006",18945.9621857593,
"PRT","HHDI","GROSSADJ","USD_CAP","A","2007",19547.0588041677,
"PRT","HHDI","GROSSADJ","USD_CAP","A","2008",20432.3205377019,
"PRT","HHDI","GROSSADJ","USD_CAP","A","2009",20652.0575184238,
"PRT","HHDI","GROSSADJ","USD_CAP","A","2010",21275.1645426078,
"PRT","HHDI","GROSSADJ","USD_CAP","A","2011",20916.9778073354,
"PRT","HHDI","GROSSADJ","USD_CAP","A","2012",21256.1256227545,
"PRT","HHDI","GROSSADJ","USD_CAP","A","2013",21383.6241346144,
"PRT","HHDI","GROSSADJ","USD_CAP","A","2014",21402.7745631256,"E"
"PRT","HHDI","GROSSADJ","USD_CAP","A","2015",21760.535235134,"E"
"AUS","HHDI","GROSSADJ","USD_CAP","A","1970",3471.97375714901,
"AUS","HHDI","GROSSADJ","USD_CAP","A","1971",3626.37761602011,
"AUS","HHDI","GROSSADJ","USD_CAP","A","1972",3931.14797611088,
"AUS","HHDI","GROSSADJ","USD_CAP","A","1973",4417.13268942774,
"AUS","HHDI","GROSSADJ","USD_CAP","A","1974",4893.64910332656,
"AUS","HHDI","GROSSADJ","USD_CAP","A","1975",5308.14868343486,
"AUS","HHDI","GROSSADJ","USD_CAP","A","1976",5713.45900166104,
"AUS","HHDI","GROSSADJ","USD_CAP","A","1977",6070.70193463026,
"AUS","HHDI","GROSSADJ","USD_CAP","A","1978",6619.52407475415,
"AUS","HHDI","GROSSADJ","USD_CAP","A","1979",7211.8318855612,
"AUS","HHDI","GROSSADJ","USD_CAP","A","1980",8108.08195274198,
"AUS","HHDI","GROSSADJ","USD_CAP","A","1981",9040.4550848431,
"AUS","HHDI","GROSSADJ","USD_CAP","A","1982",9353.55072595911,
"AUS","HHDI","GROSSADJ","USD_CAP","A","1983",10035.2718794721,
"AUS","HHDI","GROSSADJ","USD_CAP","A","1984",10578.2298611574,
"AUS","HHDI","GROSSADJ","USD_CAP","A","1985",11065.1819665223,
"AUS","HHDI","GROSSADJ","USD_CAP","A","1986",11187.4267951037,
"AUS","HHDI","GROSSADJ","USD_CAP","A","1987",11690.5002534565,
"AUS","HHDI","GROSSADJ","USD_CAP","A","1988",12592.9725335213,
"AUS","HHDI","GROSSADJ","USD_CAP","A","1989",13452.4134636093,
"AUS","HHDI","GROSSADJ","USD_CAP","A","1990",13886.8484355732,
"AUS","HHDI","GROSSADJ","USD_CAP","A","1991",14231.3253182145,
"AUS","HHDI","GROSSADJ","USD_CAP","A","1992",14777.8246631086,
"AUS","HHDI","GROSSADJ","USD_CAP","A","1993",15342.5493107651,
"AUS","HHDI","GROSSADJ","USD_CAP","A","1994",16058.8536348342,
"AUS","HHDI","GROSSADJ","USD_CAP","A","1995",16748.9129667988,
"AUS","HHDI","GROSSADJ","USD_CAP","A","1996",17575.7840197704,
"AUS","HHDI","GROSSADJ","USD_CAP","A","1997",18148.1676135797,
"AUS","HHDI","GROSSADJ","USD_CAP","A","1998",18928.5558515403,
"AUS","HHDI","GROSSADJ","USD_CAP","A","1999",19733.6678286442,
"AUS","HHDI","GROSSADJ","USD_CAP","A","2000",21367.9129903524,
"AUS","HHDI","GROSSADJ","USD_CAP","A","2001",22452.5065553705,
"AUS","HHDI","GROSSADJ","USD_CAP","A","2002",23338.513185535,
"AUS","HHDI","GROSSADJ","USD_CAP","A","2003",24244.9826576005,
"AUS","HHDI","GROSSADJ","USD_CAP","A","2004",25983.93935807,
"AUS","HHDI","GROSSADJ","USD_CAP","A","2005",26305.9636839051,
"AUS","HHDI","GROSSADJ","USD_CAP","A","2006",27312.7528685602,
"AUS","HHDI","GROSSADJ","USD_CAP","A","2007",29300.9593940719,
"AUS","HHDI","GROSSADJ","USD_CAP","A","2008",30653.6843020212,
"AUS","HHDI","GROSSADJ","USD_CAP","A","2009",30647.3086383526,
"AUS","HHDI","GROSSADJ","USD_CAP","A","2010",32123.4427538289,
"AUS","HHDI","GROSSADJ","USD_CAP","A","2011",33668.4857853777,
"AUS","HHDI","GROSSADJ","USD_CAP","A","2012",33753.0702576109,
"AUS","HHDI","GROSSADJ","USD_CAP","A","2013",35474.3760865639,
"AUS","HHDI","GROSSADJ","USD_CAP","A","2014",35743.8673168294,
"CHL","HHDI","GROSSADJ","USD_CAP","A","2003",6944.11651385563,
"CHL","HHDI","GROSSADJ","USD_CAP","A","2004",7515.44928123273,
"CHL","HHDI","GROSSADJ","USD_CAP","A","2005",8301.46418549802,
"CHL","HHDI","GROSSADJ","USD_CAP","A","2006",9877.43609403507,
"CHL","HHDI","GROSSADJ","USD_CAP","A","2007",10523.2519217793,
"CHL","HHDI","GROSSADJ","USD_CAP","A","2008",11029.2979619231,
"CHL","HHDI","GROSSADJ","USD_CAP","A","2009",11541.215983811,
"CHL","HHDI","GROSSADJ","USD_CAP","A","2010",12121.4620435114,
"CHL","HHDI","GROSSADJ","USD_CAP","A","2011",13687.0120847659,
"CHL","HHDI","GROSSADJ","USD_CAP","A","2012",14985.704657634,
"CHL","HHDI","GROSSADJ","USD_CAP","A","2013",15559.9803431763,
"CHL","HHDI","GROSSADJ","USD_CAP","A","2014",15690.2604674488,
"ITA","HHDI","GROSSADJ","USD_CAP","A","1995",17629.8907777946,
"ITA","HHDI","GROSSADJ","USD_CAP","A","1996",18111.6103963845,
"ITA","HHDI","GROSSADJ","USD_CAP","A","1997",18524.8420961347,
"ITA","HHDI","GROSSADJ","USD_CAP","A","1998",18967.3810800633,
"ITA","HHDI","GROSSADJ","USD_CAP","A","1999",19391.1850379392,
"ITA","HHDI","GROSSADJ","USD_CAP","A","2000",20956.094846542,
"ITA","HHDI","GROSSADJ","USD_CAP","A","2001",22631.8775607503,
"ITA","HHDI","GROSSADJ","USD_CAP","A","2002",22583.3910252701,
"ITA","HHDI","GROSSADJ","USD_CAP","A","2003",22805.8932426335,
"ITA","HHDI","GROSSADJ","USD_CAP","A","2004",23188.1315380624,
"ITA","HHDI","GROSSADJ","USD_CAP","A","2005",23522.1349544587,
"ITA","HHDI","GROSSADJ","USD_CAP","A","2006",24766.9286633393,
"ITA","HHDI","GROSSADJ","USD_CAP","A","2007",25908.6954519979,
"ITA","HHDI","GROSSADJ","USD_CAP","A","2008",27206.7401273234,
"ITA","HHDI","GROSSADJ","USD_CAP","A","2009",26443.4138270217,
"ITA","HHDI","GROSSADJ","USD_CAP","A","2010",27239.8351922792,
"ITA","HHDI","GROSSADJ","USD_CAP","A","2011",27324.8607201065,
"ITA","HHDI","GROSSADJ","USD_CAP","A","2012",26826.7179662121,
"ITA","HHDI","GROSSADJ","USD_CAP","A","2013",26712.3030674951,
"ITA","HHDI","GROSSADJ","USD_CAP","A","2014",26411.0244191083,
"ITA","HHDI","GROSSADJ","USD_CAP","A","2015",26836.3398171128,
"CAN","HHDI","GROSSADJ","USD_CAP","A","1993",17295.190529361,"E"
"CAN","HHDI","GROSSADJ","USD_CAP","A","1994",17489.2496473415,"E"
"CAN","HHDI","GROSSADJ","USD_CAP","A","1995",17844.7322800858,"E"
"CAN","HHDI","GROSSADJ","USD_CAP","A","1996",18043.821347137,"E"
"CAN","HHDI","GROSSADJ","USD_CAP","A","1997",18488.2393676478,"E"
"CAN","HHDI","GROSSADJ","USD_CAP","A","1998",19009.7118881471,"E"
"CAN","HHDI","GROSSADJ","USD_CAP","A","1999",19797.9727133566,"E"
"CAN","HHDI","GROSSADJ","USD_CAP","A","2000",20963.6501834536,"E"
"CAN","HHDI","GROSSADJ","USD_CAP","A","2001",21713.5077426855,"E"
"CAN","HHDI","GROSSADJ","USD_CAP","A","2002",22281.0754924551,"E"
"CAN","HHDI","GROSSADJ","USD_CAP","A","2003",22920.9771555509,"E"
"CAN","HHDI","GROSSADJ","USD_CAP","A","2004",24105.6175969013,"E"
"CAN","HHDI","GROSSADJ","USD_CAP","A","2005",25084.5049113438,"E"
"CAN","HHDI","GROSSADJ","USD_CAP","A","2006",26146.7323933524,"E"
"CAN","HHDI","GROSSADJ","USD_CAP","A","2007",27488.6346587306,"E"
"CAN","HHDI","GROSSADJ","USD_CAP","A","2008",28350.0077160599,"E"
"CAN","HHDI","GROSSADJ","USD_CAP","A","2009",28219.6030584402,"E"
"CAN","HHDI","GROSSADJ","USD_CAP","A","2010",29124.4770922673,"E"
"CAN","HHDI","GROSSADJ","USD_CAP","A","2011",29961.7246451615,
"CAN","HHDI","GROSSADJ","USD_CAP","A","2012",30613.4724347394,
"CAN","HHDI","GROSSADJ","USD_CAP","A","2013",31635.4072587684,
"CAN","HHDI","GROSSADJ","USD_CAP","A","2014",31891.8929249255,
"SVN","HHDI","GROSSADJ","USD_CAP","A","1995",10472.1758763126,
"SVN","HHDI","GROSSADJ","USD_CAP","A","1996",11057.0742243248,
"SVN","HHDI","GROSSADJ","USD_CAP","A","1997",11848.7167896819,
"SVN","HHDI","GROSSADJ","USD_CAP","A","1998",12198.1231788749,
"SVN","HHDI","GROSSADJ","USD_CAP","A","1999",12778.162115297,
"SVN","HHDI","GROSSADJ","USD_CAP","A","2000",14076.1947229794,
"SVN","HHDI","GROSSADJ","USD_CAP","A","2001",14832.4464349595,
"SVN","HHDI","GROSSADJ","USD_CAP","A","2002",16115.6373947721,
"SVN","HHDI","GROSSADJ","USD_CAP","A","2003",16025.3984689686,
"SVN","HHDI","GROSSADJ","USD_CAP","A","2004",16899.604797607,
"SVN","HHDI","GROSSADJ","USD_CAP","A","2005",17557.6887037284,
"SVN","HHDI","GROSSADJ","USD_CAP","A","2006",18498.6315082583,
"SVN","HHDI","GROSSADJ","USD_CAP","A","2007",19382.4725878472,
"SVN","HHDI","GROSSADJ","USD_CAP","A","2008",20629.6716974756,"B"
"SVN","HHDI","GROSSADJ","USD_CAP","A","2009",19901.0257122421,
"SVN","HHDI","GROSSADJ","USD_CAP","A","2010",20283.5605312141,
"SVN","HHDI","GROSSADJ","USD_CAP","A","2011",20793.6029598487,
"SVN","HHDI","GROSSADJ","USD_CAP","A","2012",20681.3493796009,
"SVN","HHDI","GROSSADJ","USD_CAP","A","2013",20546.6372849314,
"SVN","HHDI","GROSSADJ","USD_CAP","A","2014",20935.2173676636,
"CHE","HHDI","GROSSADJ","USD_CAP","A","1995",19598.622226942,
"CHE","HHDI","GROSSADJ","USD_CAP","A","1996",20136.2899150559,
"CHE","HHDI","GROSSADJ","USD_CAP","A","1997",21012.0076626651,
"CHE","HHDI","GROSSADJ","USD_CAP","A","1998",21694.2418331529,
"CHE","HHDI","GROSSADJ","USD_CAP","A","1999",22231.7938016414,
"CHE","HHDI","GROSSADJ","USD_CAP","A","2000",24033.7048939792,
"CHE","HHDI","GROSSADJ","USD_CAP","A","2001",25086.5366613169,
"CHE","HHDI","GROSSADJ","USD_CAP","A","2002",26382.0941136877,
"CHE","HHDI","GROSSADJ","USD_CAP","A","2003",25772.5389025142,
"CHE","HHDI","GROSSADJ","USD_CAP","A","2004",26614.9892216938,
"CHE","HHDI","GROSSADJ","USD_CAP","A","2005",26871.0054901019,
"CHE","HHDI","GROSSADJ","USD_CAP","A","2006",28312.9341116883,
"CHE","HHDI","GROSSADJ","USD_CAP","A","2007",30621.2743397911,
"CHE","HHDI","GROSSADJ","USD_CAP","A","2008",32243.1652358148,
"CHE","HHDI","GROSSADJ","USD_CAP","A","2009",32610.4645250958,
"CHE","HHDI","GROSSADJ","USD_CAP","A","2010",32827.7279660446,
"CHE","HHDI","GROSSADJ","USD_CAP","A","2011",34130.4148868985,
"CHE","HHDI","GROSSADJ","USD_CAP","A","2012",36646.8607487862,
"CHE","HHDI","GROSSADJ","USD_CAP","A","2013",37944.1515709119,
"ZAF","HHDI","GROSSADJ","USD_CAP","A","2008",7612.74769881985,
"ZAF","HHDI","GROSSADJ","USD_CAP","A","2009",7734.12908144203,
"ZAF","HHDI","GROSSADJ","USD_CAP","A","2010",7836.7838236933,
"ZAF","HHDI","GROSSADJ","USD_CAP","A","2011",8357.12131310381,
"ZAF","HHDI","GROSSADJ","USD_CAP","A","2012",8647.08932042635,
"ZAF","HHDI","GROSSADJ","USD_CAP","A","2013",8912.82276409524,
"ZAF","HHDI","GROSSADJ","USD_CAP","A","2014",9051.71693196503,
"SVK","HHDI","GROSSADJ","USD_CAP","A","1995",5790.87523647588,
"SVK","HHDI","GROSSADJ","USD_CAP","A","1996",7179.10590499119,
"SVK","HHDI","GROSSADJ","USD_CAP","A","1997",8071.16831433107,
"SVK","HHDI","GROSSADJ","USD_CAP","A","1998",8505.15105472979,
"SVK","HHDI","GROSSADJ","USD_CAP","A","1999",8259.51964525985,
"SVK","HHDI","GROSSADJ","USD_CAP","A","2000",8821.69010540833,
"SVK","HHDI","GROSSADJ","USD_CAP","A","2001",9680.11255455038,
"SVK","HHDI","GROSSADJ","USD_CAP","A","2002",10683.7020886964,
"SVK","HHDI","GROSSADJ","USD_CAP","A","2003",10535.5702184887,
"SVK","HHDI","GROSSADJ","USD_CAP","A","2004",11079.9387612662,
"SVK","HHDI","GROSSADJ","USD_CAP","A","2005",11935.1772102369,
"SVK","HHDI","GROSSADJ","USD_CAP","A","2006",12798.4774502404,
"SVK","HHDI","GROSSADJ","USD_CAP","A","2007",14712.5449323129,
"SVK","HHDI","GROSSADJ","USD_CAP","A","2008",16271.4752828135,
"SVK","HHDI","GROSSADJ","USD_CAP","A","2009",16641.9750834089,
"SVK","HHDI","GROSSADJ","USD_CAP","A","2010",17891.9439756038,
"SVK","HHDI","GROSSADJ","USD_CAP","A","2011",17980.6046203234,
"SVK","HHDI","GROSSADJ","USD_CAP","A","2012",18504.3194819009,
"SVK","HHDI","GROSSADJ","USD_CAP","A","2013",19489.6130662981,
"SVK","HHDI","GROSSADJ","USD_CAP","A","2014",20362.5808634528,
"IRL","HHDI","GROSSADJ","USD_CAP","A","1999",15399.9756285488,
"IRL","HHDI","GROSSADJ","USD_CAP","A","2000",16833.3450760369,
"IRL","HHDI","GROSSADJ","USD_CAP","A","2001",18378.6484726648,
"IRL","HHDI","GROSSADJ","USD_CAP","A","2002",19560.3497031728,
"IRL","HHDI","GROSSADJ","USD_CAP","A","2003",20459.7114257719,
"IRL","HHDI","GROSSADJ","USD_CAP","A","2004",21673.2584118949,
"IRL","HHDI","GROSSADJ","USD_CAP","A","2005",22902.6372883043,
"IRL","HHDI","GROSSADJ","USD_CAP","A","2006",23708.1151373933,
"IRL","HHDI","GROSSADJ","USD_CAP","A","2007",24918.7758692225,
"IRL","HHDI","GROSSADJ","USD_CAP","A","2008",25390.2799606974,
"IRL","HHDI","GROSSADJ","USD_CAP","A","2009",24941.9968405414,
"IRL","HHDI","GROSSADJ","USD_CAP","A","2010",25031.8450917705,
"IRL","HHDI","GROSSADJ","USD_CAP","A","2011",24234.0983809086,
"IRL","HHDI","GROSSADJ","USD_CAP","A","2012",24481.120720152,
"IRL","HHDI","GROSSADJ","USD_CAP","A","2013",23975.360770651,
"IRL","HHDI","GROSSADJ","USD_CAP","A","2014",24058.3066526194,
"MEX","HHDI","GROSSADJ","USD_CAP","A","2003",9319.68142990381,
"MEX","HHDI","GROSSADJ","USD_CAP","A","2004",9815.73502988987,
"MEX","HHDI","GROSSADJ","USD_CAP","A","2005",10339.3729812567,
"MEX","HHDI","GROSSADJ","USD_CAP","A","2006",11347.2594879633,
"MEX","HHDI","GROSSADJ","USD_CAP","A","2007",11779.5369103471,
"MEX","HHDI","GROSSADJ","USD_CAP","A","2008",12441.3813653046,
"MEX","HHDI","GROSSADJ","USD_CAP","A","2009",11490.5320367457,
"MEX","HHDI","GROSSADJ","USD_CAP","A","2010",12228.4809336979,
"MEX","HHDI","GROSSADJ","USD_CAP","A","2011",12843.327806452,
"MEX","HHDI","GROSSADJ","USD_CAP","A","2012",13250.0681553539,
"MEX","HHDI","GROSSADJ","USD_CAP","A","2013",13371.1213333612,
"POL","HHDI","GROSSADJ","USD_CAP","A","2000",9279.33538635318,"E"
"POL","HHDI","GROSSADJ","USD_CAP","A","2001",9741.96741687202,"E"
"POL","HHDI","GROSSADJ","USD_CAP","A","2002",10372.7100408214,"E"
"POL","HHDI","GROSSADJ","USD_CAP","A","2003",10404.9857351972,"E"
"POL","HHDI","GROSSADJ","USD_CAP","A","2004",10673.1371127728,"E"
"POL","HHDI","GROSSADJ","USD_CAP","A","2005",10818.1003012686,"E"
"POL","HHDI","GROSSADJ","USD_CAP","A","2006",11559.7453736027,"E"
"POL","HHDI","GROSSADJ","USD_CAP","A","2007",12924.5142945417,"E"
"POL","HHDI","GROSSADJ","USD_CAP","A","2008",13783.5263997598,"E"
"POL","HHDI","GROSSADJ","USD_CAP","A","2009",14721.196932155,"E"
"POL","HHDI","GROSSADJ","USD_CAP","A","2010",15814.5880618783,"E"
"POL","HHDI","GROSSADJ","USD_CAP","A","2011",16510.0478050159,"E"
"POL","HHDI","GROSSADJ","USD_CAP","A","2012",17608.2983797291,"E"
"POL","HHDI","GROSSADJ","USD_CAP","A","2013",17963.7907517644,"E"
"POL","HHDI","GROSSADJ","USD_CAP","A","2014",18280.8837655084,"E"
"BEL","HHDI","GROSSADJ","USD_CAP","A","1995",17889.8117393186,
"BEL","HHDI","GROSSADJ","USD_CAP","A","1996",18127.9298038637,
"BEL","HHDI","GROSSADJ","USD_CAP","A","1997",18510.2310165019,
"BEL","HHDI","GROSSADJ","USD_CAP","A","1998",18723.7985524485,
"BEL","HHDI","GROSSADJ","USD_CAP","A","1999",19400.0648236721,
"BEL","HHDI","GROSSADJ","USD_CAP","A","2000",21890.9192536504,
"BEL","HHDI","GROSSADJ","USD_CAP","A","2001",22823.5601339166,
"BEL","HHDI","GROSSADJ","USD_CAP","A","2002",24272.219390648,
"BEL","HHDI","GROSSADJ","USD_CAP","A","2003",23752.5608907218,
"BEL","HHDI","GROSSADJ","USD_CAP","A","2004",24455.339176089,
"BEL","HHDI","GROSSADJ","USD_CAP","A","2005",24331.6564977041,
"BEL","HHDI","GROSSADJ","USD_CAP","A","2006",25242.6260805282,
"BEL","HHDI","GROSSADJ","USD_CAP","A","2007",25982.0396837685,
"BEL","HHDI","GROSSADJ","USD_CAP","A","2008",27509.3758017425,
"BEL","HHDI","GROSSADJ","USD_CAP","A","2009",27866.0459648792,
"BEL","HHDI","GROSSADJ","USD_CAP","A","2010",28299.7938664574,
"BEL","HHDI","GROSSADJ","USD_CAP","A","2011",29156.4269550471,
"BEL","HHDI","GROSSADJ","USD_CAP","A","2012",30050.5470584413,
"BEL","HHDI","GROSSADJ","USD_CAP","A","2013",30586.2144763184,
"BEL","HHDI","GROSSADJ","USD_CAP","A","2014",30649.0470396187,
"SWE","HHDI","GROSSADJ","USD_CAP","A","1995",14966.485348145,
"SWE","HHDI","GROSSADJ","USD_CAP","A","1996",15272.7375182009,
"SWE","HHDI","GROSSADJ","USD_CAP","A","1997",15321.8289614524,
"SWE","HHDI","GROSSADJ","USD_CAP","A","1998",15807.4235709308,
"SWE","HHDI","GROSSADJ","USD_CAP","A","1999",16916.1484909857,
"SWE","HHDI","GROSSADJ","USD_CAP","A","2000",18801.9942657913,
"SWE","HHDI","GROSSADJ","USD_CAP","A","2001",19921.8581773202,
"SWE","HHDI","GROSSADJ","USD_CAP","A","2002",21501.5718861088,
"SWE","HHDI","GROSSADJ","USD_CAP","A","2003",21680.478254844,
"SWE","HHDI","GROSSADJ","USD_CAP","A","2004",22297.9544872189,
"SWE","HHDI","GROSSADJ","USD_CAP","A","2005",22274.661839577,
"SWE","HHDI","GROSSADJ","USD_CAP","A","2006",23617.3335130309,
"SWE","HHDI","GROSSADJ","USD_CAP","A","2007",25477.2780952162,
"SWE","HHDI","GROSSADJ","USD_CAP","A","2008",26979.8261583154,
"SWE","HHDI","GROSSADJ","USD_CAP","A","2009",27161.801583823,
"SWE","HHDI","GROSSADJ","USD_CAP","A","2010",27428.7468591725,
"SWE","HHDI","GROSSADJ","USD_CAP","A","2011",28682.5826702716,
"SWE","HHDI","GROSSADJ","USD_CAP","A","2012",30045.2076316936,
"SWE","HHDI","GROSSADJ","USD_CAP","A","2013",29546.9461086533,
"SWE","HHDI","GROSSADJ","USD_CAP","A","2014",29619.3745615661,
"SWE","HHDI","GROSSADJ","USD_CAP","A","2015",30327.4318032117,
"ESP","HHDI","GROSSADJ","USD_CAP","A","1999",15104.5907280443,
"ESP","HHDI","GROSSADJ","USD_CAP","A","2000",17150.355553267,
"ESP","HHDI","GROSSADJ","USD_CAP","A","2001",18325.9568784544,
"ESP","HHDI","GROSSADJ","USD_CAP","A","2002",20064.6337206563,
"ESP","HHDI","GROSSADJ","USD_CAP","A","2003",20149.4466336538,
"ESP","HHDI","GROSSADJ","USD_CAP","A","2004",20838.5864574389,
"ESP","HHDI","GROSSADJ","USD_CAP","A","2005",21239.1405261321,
"ESP","HHDI","GROSSADJ","USD_CAP","A","2006",22232.7494151396,
"ESP","HHDI","GROSSADJ","USD_CAP","A","2007",22453.6891745451,
"ESP","HHDI","GROSSADJ","USD_CAP","A","2008",23535.0825572436,
"ESP","HHDI","GROSSADJ","USD_CAP","A","2009",23829.1251567249,
"ESP","HHDI","GROSSADJ","USD_CAP","A","2010",23343.8967727238,
"ESP","HHDI","GROSSADJ","USD_CAP","A","2011",23396.3798316259,
"ESP","HHDI","GROSSADJ","USD_CAP","A","2012",22942.7467083241,
"ESP","HHDI","GROSSADJ","USD_CAP","A","2013",23194.0924605254,
"ESP","HHDI","GROSSADJ","USD_CAP","A","2014",23501.7951741706,
"EST","HHDI","GROSSADJ","USD_CAP","A","1995",5687.18756805289,
"EST","HHDI","GROSSADJ","USD_CAP","A","1996",5965.74594258647,
"EST","HHDI","GROSSADJ","USD_CAP","A","1997",6348.93015225359,
"EST","HHDI","GROSSADJ","USD_CAP","A","1998",6639.09582073058,
"EST","HHDI","GROSSADJ","USD_CAP","A","1999",6876.78166276082,
"EST","HHDI","GROSSADJ","USD_CAP","A","2000",7555.10683587612,
"EST","HHDI","GROSSADJ","USD_CAP","A","2001",7848.14674623992,
"EST","HHDI","GROSSADJ","USD_CAP","A","2002",8605.96942621866,
"EST","HHDI","GROSSADJ","USD_CAP","A","2003",9193.08338096428,
"EST","HHDI","GROSSADJ","USD_CAP","A","2004",10034.3313870529,
"EST","HHDI","GROSSADJ","USD_CAP","A","2005",10653.7835100959,
"EST","HHDI","GROSSADJ","USD_CAP","A","2006",11942.9900158945,
"EST","HHDI","GROSSADJ","USD_CAP","A","2007",13375.3093766046,
"EST","HHDI","GROSSADJ","USD_CAP","A","2008",15009.8732147161,
"EST","HHDI","GROSSADJ","USD_CAP","A","2009",14198.4271411854,
"EST","HHDI","GROSSADJ","USD_CAP","A","2010",14371.1465236279,
"EST","HHDI","GROSSADJ","USD_CAP","A","2011",15367.0753241774,
"EST","HHDI","GROSSADJ","USD_CAP","A","2012",16306.5029990942,
"EST","HHDI","GROSSADJ","USD_CAP","A","2013",17328.5112031776,
"EST","HHDI","GROSSADJ","USD_CAP","A","2014",17608.7987809751,
"NOR","HHDI","GROSSADJ","USD_CAP","A","1978",5478.20846937822,
"NOR","HHDI","GROSSADJ","USD_CAP","A","1979",6003.80178961595,
"NOR","HHDI","GROSSADJ","USD_CAP","A","1980",6845.847799724,
"NOR","HHDI","GROSSADJ","USD_CAP","A","1981",7614.05400721546,
"NOR","HHDI","GROSSADJ","USD_CAP","A","1982",8054.73542684828,
"NOR","HHDI","GROSSADJ","USD_CAP","A","1983",8516.03673957773,
"NOR","HHDI","GROSSADJ","USD_CAP","A","1984",9088.27710476395,
"NOR","HHDI","GROSSADJ","USD_CAP","A","1985",9590.94224919305,
"NOR","HHDI","GROSSADJ","USD_CAP","A","1986",9973.4581250036,
"NOR","HHDI","GROSSADJ","USD_CAP","A","1987",10314.6162962452,
"NOR","HHDI","GROSSADJ","USD_CAP","A","1988",10728.20689797,
"NOR","HHDI","GROSSADJ","USD_CAP","A","1989",11317.9153475964,
"NOR","HHDI","GROSSADJ","USD_CAP","A","1990",11989.7635778629,
"NOR","HHDI","GROSSADJ","USD_CAP","A","1991",12753.9959541484,
"NOR","HHDI","GROSSADJ","USD_CAP","A","1992",13549.217784198,
"NOR","HHDI","GROSSADJ","USD_CAP","A","1993",14307.9563239646,
"NOR","HHDI","GROSSADJ","USD_CAP","A","1994",14845.3637352747,
"NOR","HHDI","GROSSADJ","USD_CAP","A","1995",15471.190441076,
"NOR","HHDI","GROSSADJ","USD_CAP","A","1996",16452.0168526626,
"NOR","HHDI","GROSSADJ","USD_CAP","A","1997",17233.4344150192,
"NOR","HHDI","GROSSADJ","USD_CAP","A","1998",18169.7262510033,
"NOR","HHDI","GROSSADJ","USD_CAP","A","1999",18694.1884160779,
"NOR","HHDI","GROSSADJ","USD_CAP","A","2000",20368.1799866527,
"NOR","HHDI","GROSSADJ","USD_CAP","A","2001",20724.2489273678,
"NOR","HHDI","GROSSADJ","USD_CAP","A","2002",23163.9876620446,
"NOR","HHDI","GROSSADJ","USD_CAP","A","2003",24486.3618522955,
"NOR","HHDI","GROSSADJ","USD_CAP","A","2004",25826.7511793831,
"NOR","HHDI","GROSSADJ","USD_CAP","A","2005",27092.1702183798,
"NOR","HHDI","GROSSADJ","USD_CAP","A","2006",26571.1141167618,
"NOR","HHDI","GROSSADJ","USD_CAP","A","2007",28714.2134001669,
"NOR","HHDI","GROSSADJ","USD_CAP","A","2008",29973.6555807056,
"NOR","HHDI","GROSSADJ","USD_CAP","A","2009",30777.4663263981,
"NOR","HHDI","GROSSADJ","USD_CAP","A","2010",31701.2244327535,
"NOR","HHDI","GROSSADJ","USD_CAP","A","2011",32524.5510095534,
"NOR","HHDI","GROSSADJ","USD_CAP","A","2012",33614.1087741729,
"NOR","HHDI","GROSSADJ","USD_CAP","A","2013",35085.4800538287,
"NOR","HHDI","GROSSADJ","USD_CAP","A","2014",35549.3739212995,
"NOR","HHDI","GROSSADJ","USD_CAP","A","2015",36327.7472264057,
"KOR","HHDI","GROSSADJ","USD_CAP","A","1975",1096.59305247329,
"KOR","HHDI","GROSSADJ","USD_CAP","A","1976",1282.28969816316,
"KOR","HHDI","GROSSADJ","USD_CAP","A","1977",1470.6820307198,
"KOR","HHDI","GROSSADJ","USD_CAP","A","1978",1726.34163629117,
"KOR","HHDI","GROSSADJ","USD_CAP","A","1979",1965.63991930364,
"KOR","HHDI","GROSSADJ","USD_CAP","A","1980",1968.56908890992,
"KOR","HHDI","GROSSADJ","USD_CAP","A","1981",2237.63065468503,
"KOR","HHDI","GROSSADJ","USD_CAP","A","1982",2511.43718647092,
"KOR","HHDI","GROSSADJ","USD_CAP","A","1983",2865.82357112173,
"KOR","HHDI","GROSSADJ","USD_CAP","A","1984",3274.6667073619,
"KOR","HHDI","GROSSADJ","USD_CAP","A","1985",3621.28573283461,
"KOR","HHDI","GROSSADJ","USD_CAP","A","1986",4165.32820015362,
"KOR","HHDI","GROSSADJ","USD_CAP","A","1987",4796.66214118896,
"KOR","HHDI","GROSSADJ","USD_CAP","A","1988",5463.9483289866,
"KOR","HHDI","GROSSADJ","USD_CAP","A","1989",6103.74255667876,
"KOR","HHDI","GROSSADJ","USD_CAP","A","1990",6915.11023407999,
"KOR","HHDI","GROSSADJ","USD_CAP","A","1991",7860.09252368114,
"KOR","HHDI","GROSSADJ","USD_CAP","A","1992",8400.7517987989,
"KOR","HHDI","GROSSADJ","USD_CAP","A","1993",8987.77800298363,
"KOR","HHDI","GROSSADJ","USD_CAP","A","1994",9624.70266375525,
"KOR","HHDI","GROSSADJ","USD_CAP","A","1995",10426.824142094,
"KOR","HHDI","GROSSADJ","USD_CAP","A","1996",11245.8545759144,
"KOR","HHDI","GROSSADJ","USD_CAP","A","1997",11559.413736128,
"KOR","HHDI","GROSSADJ","USD_CAP","A","1998",11386.8140370754,
"KOR","HHDI","GROSSADJ","USD_CAP","A","1999",11722.0795806342,
"KOR","HHDI","GROSSADJ","USD_CAP","A","2000",12242.6879346085,
"KOR","HHDI","GROSSADJ","USD_CAP","A","2001",12675.1796256901,
"KOR","HHDI","GROSSADJ","USD_CAP","A","2002",13453.5831881878,
"KOR","HHDI","GROSSADJ","USD_CAP","A","2003",13989.5730748805,
"KOR","HHDI","GROSSADJ","USD_CAP","A","2004",14843.7655580282,
"KOR","HHDI","GROSSADJ","USD_CAP","A","2005",15494.1330043485,
"KOR","HHDI","GROSSADJ","USD_CAP","A","2006",16368.087720116,
"KOR","HHDI","GROSSADJ","USD_CAP","A","2007",17238.4079079772,
"KOR","HHDI","GROSSADJ","USD_CAP","A","2008",17924.3016636914,
"KOR","HHDI","GROSSADJ","USD_CAP","A","2009",18156.5364641052,
"KOR","HHDI","GROSSADJ","USD_CAP","A","2010",19039.3370199245,
"KOR","HHDI","GROSSADJ","USD_CAP","A","2011",19858.6347686452,
"KOR","HHDI","GROSSADJ","USD_CAP","A","2012",20575.1059940715,
"KOR","HHDI","GROSSADJ","USD_CAP","A","2013",20436.8934317512,
"KOR","HHDI","GROSSADJ","USD_CAP","A","2014",20830.7810221856,
"KOR","HHDI","GROSSADJ","USD_CAP","A","2015",21830.7952757879,
"GBR","HHDI","GROSSADJ","USD_CAP","A","1995",17588.2808264901,
"GBR","HHDI","GROSSADJ","USD_CAP","A","1996",18732.9905151949,
"GBR","HHDI","GROSSADJ","USD_CAP","A","1997",19589.3646909158,
"GBR","HHDI","GROSSADJ","USD_CAP","A","1998",19844.0444754911,
"GBR","HHDI","GROSSADJ","USD_CAP","A","1999",20584.2116661805,
"GBR","HHDI","GROSSADJ","USD_CAP","A","2000",23293.4619782117,
"GBR","HHDI","GROSSADJ","USD_CAP","A","2001",24750.3505206548,
"GBR","HHDI","GROSSADJ","USD_CAP","A","2002",26259.1089438247,
"GBR","HHDI","GROSSADJ","USD_CAP","A","2003",26437.2738964708,
"GBR","HHDI","GROSSADJ","USD_CAP","A","2004",27983.4283228763,
"GBR","HHDI","GROSSADJ","USD_CAP","A","2005",28366.1272915396,
"GBR","HHDI","GROSSADJ","USD_CAP","A","2006",29574.2361782203,
"GBR","HHDI","GROSSADJ","USD_CAP","A","2007",29825.2479086305,
"GBR","HHDI","GROSSADJ","USD_CAP","A","2008",29620.1690853287,
"GBR","HHDI","GROSSADJ","USD_CAP","A","2009",29778.780536595,
"GBR","HHDI","GROSSADJ","USD_CAP","A","2010",28408.2920789539,
"GBR","HHDI","GROSSADJ","USD_CAP","A","2011",27915.3084901258,
"GBR","HHDI","GROSSADJ","USD_CAP","A","2012",28916.3839675997,
"GBR","HHDI","GROSSADJ","USD_CAP","A","2013",28655.5744075005,
"GBR","HHDI","GROSSADJ","USD_CAP","A","2014",28871.0824524117,
"GBR","HHDI","GROSSADJ","USD_CAP","A","2015",29931.7456083312,
"USA","HHDI","GROSSADJ","USD_CAP","A","1970",4108.73815758037,
"USA","HHDI","GROSSADJ","USD_CAP","A","1971",4439.36213238834,
"USA","HHDI","GROSSADJ","USD_CAP","A","1972",4773.40847163735,
"USA","HHDI","GROSSADJ","USD_CAP","A","1973",5280.29291447067,
"USA","HHDI","GROSSADJ","USD_CAP","A","1974",5743.72364397984,
"USA","HHDI","GROSSADJ","USD_CAP","A","1975",6336.81666442882,
"USA","HHDI","GROSSADJ","USD_CAP","A","1976",6828.22372825399,
"USA","HHDI","GROSSADJ","USD_CAP","A","1977",7428.26468865899,
"USA","HHDI","GROSSADJ","USD_CAP","A","1978",8206.70712261206,
"USA","HHDI","GROSSADJ","USD_CAP","A","1979",9013.78461702487,
"USA","HHDI","GROSSADJ","USD_CAP","A","1980",9925.95487559611,
"USA","HHDI","GROSSADJ","USD_CAP","A","1981",10915.2072971375,
"USA","HHDI","GROSSADJ","USD_CAP","A","1982",11603.6052330138,
"USA","HHDI","GROSSADJ","USD_CAP","A","1983",12348.175459709,
"USA","HHDI","GROSSADJ","USD_CAP","A","1984",13514.1458751068,
"USA","HHDI","GROSSADJ","USD_CAP","A","1985",14254.1780919558,
"USA","HHDI","GROSSADJ","USD_CAP","A","1986",14992.7830382703,
"USA","HHDI","GROSSADJ","USD_CAP","A","1987",15714.2227694436,
"USA","HHDI","GROSSADJ","USD_CAP","A","1988",16929.9113281999,
"USA","HHDI","GROSSADJ","USD_CAP","A","1989",18020.4537829393,
"USA","HHDI","GROSSADJ","USD_CAP","A","1990",18988.324453096,
"USA","HHDI","GROSSADJ","USD_CAP","A","1991",19504.76866643,
"USA","HHDI","GROSSADJ","USD_CAP","A","1992",20590.5839126272,
"USA","HHDI","GROSSADJ","USD_CAP","A","1993",21196.2755780269,
"USA","HHDI","GROSSADJ","USD_CAP","A","1994",21968.6473970887,
"USA","HHDI","GROSSADJ","USD_CAP","A","1995",22841.2344141522,
"USA","HHDI","GROSSADJ","USD_CAP","A","1996",23714.0563708224,
"USA","HHDI","GROSSADJ","USD_CAP","A","1997",24671.0702745477,
"USA","HHDI","GROSSADJ","USD_CAP","A","1998",25998.8991649587,
"USA","HHDI","GROSSADJ","USD_CAP","A","1999",27012.6875930805,
"USA","HHDI","GROSSADJ","USD_CAP","A","2000",28729.3111141014,
"USA","HHDI","GROSSADJ","USD_CAP","A","2001",29894.6445788413,
"USA","HHDI","GROSSADJ","USD_CAP","A","2002",31030.542966783,
"USA","HHDI","GROSSADJ","USD_CAP","A","2003",32297.8673621768,
"USA","HHDI","GROSSADJ","USD_CAP","A","2004",33982.2411359126,
"USA","HHDI","GROSSADJ","USD_CAP","A","2005",35254.8877845084,
"USA","HHDI","GROSSADJ","USD_CAP","A","2006",37246.4175518208,
"USA","HHDI","GROSSADJ","USD_CAP","A","2007",38571.2770470938,
"USA","HHDI","GROSSADJ","USD_CAP","A","2008",40025.8748354091,
"USA","HHDI","GROSSADJ","USD_CAP","A","2009",39573.6232261424,
"USA","HHDI","GROSSADJ","USD_CAP","A","2010",40319.8109797036,
"USA","HHDI","GROSSADJ","USD_CAP","A","2011",41884.6020783414,
"USA","HHDI","GROSSADJ","USD_CAP","A","2012",43551.4898298564,
"USA","HHDI","GROSSADJ","USD_CAP","A","2013",43348.198927531,
"USA","HHDI","GROSSADJ","USD_CAP","A","2014",44826.7867269475,
"HUN","HHDI","GROSSADJ","USD_CAP","A","1995",8377.77122387431,
"HUN","HHDI","GROSSADJ","USD_CAP","A","1996",8297.23334926412,
"HUN","HHDI","GROSSADJ","USD_CAP","A","1997",8431.34566963021,
"HUN","HHDI","GROSSADJ","USD_CAP","A","1998",8683.99558133867,
"HUN","HHDI","GROSSADJ","USD_CAP","A","1999",9013.30267340055,
"HUN","HHDI","GROSSADJ","USD_CAP","A","2000",9738.27529776239,
"HUN","HHDI","GROSSADJ","USD_CAP","A","2001",10632.2176671512,
"HUN","HHDI","GROSSADJ","USD_CAP","A","2002",11801.3682350944,
"HUN","HHDI","GROSSADJ","USD_CAP","A","2003",12185.5827186565,
"HUN","HHDI","GROSSADJ","USD_CAP","A","2004",12855.1975181907,
"HUN","HHDI","GROSSADJ","USD_CAP","A","2005",13289.7442712928,
"HUN","HHDI","GROSSADJ","USD_CAP","A","2006",13833.4535608262,
"HUN","HHDI","GROSSADJ","USD_CAP","A","2007",13748.2575279448,
"HUN","HHDI","GROSSADJ","USD_CAP","A","2008",14170.9658892179,
"HUN","HHDI","GROSSADJ","USD_CAP","A","2009",14308.3691797667,
"HUN","HHDI","GROSSADJ","USD_CAP","A","2010",14839.8977655457,
"HUN","HHDI","GROSSADJ","USD_CAP","A","2011",15801.3510544036,
"HUN","HHDI","GROSSADJ","USD_CAP","A","2012",15944.1057356063,
"HUN","HHDI","GROSSADJ","USD_CAP","A","2013",16413.3543168609,
"HUN","HHDI","GROSSADJ","USD_CAP","A","2014",16742.2292218072,
"FIN","HHDI","GROSSADJ","USD_CAP","A","1995",12848.4527303612,
"FIN","HHDI","GROSSADJ","USD_CAP","A","1996",13076.7587883167,
"FIN","HHDI","GROSSADJ","USD_CAP","A","1997",13995.5193260929,
"FIN","HHDI","GROSSADJ","USD_CAP","A","1998",14623.1119797618,
"FIN","HHDI","GROSSADJ","USD_CAP","A","1999",15630.5813594615,
"FIN","HHDI","GROSSADJ","USD_CAP","A","2000",17066.0617167697,
"FIN","HHDI","GROSSADJ","USD_CAP","A","2001",17531.1076321833,
"FIN","HHDI","GROSSADJ","USD_CAP","A","2002",19074.4077182457,
"FIN","HHDI","GROSSADJ","USD_CAP","A","2003",19426.6527208104,
"FIN","HHDI","GROSSADJ","USD_CAP","A","2004",20834.8573190458,
"FIN","HHDI","GROSSADJ","USD_CAP","A","2005",21231.4118590616,
"FIN","HHDI","GROSSADJ","USD_CAP","A","2006",22471.192879469,
"FIN","HHDI","GROSSADJ","USD_CAP","A","2007",24276.5192415031,
"FIN","HHDI","GROSSADJ","USD_CAP","A","2008",26121.5246030312,
"FIN","HHDI","GROSSADJ","USD_CAP","A","2009",26535.6499811604,
"FIN","HHDI","GROSSADJ","USD_CAP","A","2010",27508.4862385804,
"FIN","HHDI","GROSSADJ","USD_CAP","A","2011",28492.8393003156,
"FIN","HHDI","GROSSADJ","USD_CAP","A","2012",29549.9345594702,
"FIN","HHDI","GROSSADJ","USD_CAP","A","2013",29958.8315850648,
"FIN","HHDI","GROSSADJ","USD_CAP","A","2014",29702.2385646653,
"AUT","HHDI","GROSSADJ","USD_CAP","A","1995",18591.9563471428,
"AUT","HHDI","GROSSADJ","USD_CAP","A","1996",18981.865572447,
"AUT","HHDI","GROSSADJ","USD_CAP","A","1997",19338.0688158638,
"AUT","HHDI","GROSSADJ","USD_CAP","A","1998",20174.4311447983,
"AUT","HHDI","GROSSADJ","USD_CAP","A","1999",21076.6200601161,
"AUT","HHDI","GROSSADJ","USD_CAP","A","2000",22993.0679274775,
"AUT","HHDI","GROSSADJ","USD_CAP","A","2001",22936.6731863041,
"AUT","HHDI","GROSSADJ","USD_CAP","A","2002",24454.6257800507,
"AUT","HHDI","GROSSADJ","USD_CAP","A","2003",25128.4672224881,
"AUT","HHDI","GROSSADJ","USD_CAP","A","2004",26185.2097493029,
"AUT","HHDI","GROSSADJ","USD_CAP","A","2005",26794.4580895315,
"AUT","HHDI","GROSSADJ","USD_CAP","A","2006",28580.1861126448,
"AUT","HHDI","GROSSADJ","USD_CAP","A","2007",29322.663766975,
"AUT","HHDI","GROSSADJ","USD_CAP","A","2008",30404.2022857364,
"AUT","HHDI","GROSSADJ","USD_CAP","A","2009",30326.5980956664,
"AUT","HHDI","GROSSADJ","USD_CAP","A","2010",31076.8771970183,
"AUT","HHDI","GROSSADJ","USD_CAP","A","2011",31553.1906807056,
"AUT","HHDI","GROSSADJ","USD_CAP","A","2012",33099.0148483659,
"AUT","HHDI","GROSSADJ","USD_CAP","A","2013",33336.5349428918,
"AUT","HHDI","GROSSADJ","USD_CAP","A","2014",33485.4804724716,
"FRA","HHDI","GROSSADJ","USD_CAP","A","1970",2838.93494724456,
"FRA","HHDI","GROSSADJ","USD_CAP","A","1971",3110.06446052032,
"FRA","HHDI","GROSSADJ","USD_CAP","A","1972",3373.80536919614,
"FRA","HHDI","GROSSADJ","USD_CAP","A","1973",3744.74829471878,
"FRA","HHDI","GROSSADJ","USD_CAP","A","1974",4268.84118956769,
"FRA","HHDI","GROSSADJ","USD_CAP","A","1975",4760.70043380012,
"FRA","HHDI","GROSSADJ","USD_CAP","A","1976",5130.80370033705,
"FRA","HHDI","GROSSADJ","USD_CAP","A","1977",5599.47801377062,
"FRA","HHDI","GROSSADJ","USD_CAP","A","1978",6331.41342132223,
"FRA","HHDI","GROSSADJ","USD_CAP","A","1979",6956.95518955261,
"FRA","HHDI","GROSSADJ","USD_CAP","A","1980",7736.17011388748,
"FRA","HHDI","GROSSADJ","USD_CAP","A","1981",8531.8730345356,
"FRA","HHDI","GROSSADJ","USD_CAP","A","1982",9182.2282931237,
"FRA","HHDI","GROSSADJ","USD_CAP","A","1983",9556.89314076805,
"FRA","HHDI","GROSSADJ","USD_CAP","A","1984",9845.76844053459,
"FRA","HHDI","GROSSADJ","USD_CAP","A","1985",10271.17595875,
"FRA","HHDI","GROSSADJ","USD_CAP","A","1986",10706.1578092318,
"FRA","HHDI","GROSSADJ","USD_CAP","A","1987",11175.0442331608,
"FRA","HHDI","GROSSADJ","USD_CAP","A","1988",11926.4686616146,
"FRA","HHDI","GROSSADJ","USD_CAP","A","1989",12814.9395799892,
"FRA","HHDI","GROSSADJ","USD_CAP","A","1990",13812.7406138561,
"FRA","HHDI","GROSSADJ","USD_CAP","A","1991",14470.3351418645,
"FRA","HHDI","GROSSADJ","USD_CAP","A","1992",15139.2468554349,
"FRA","HHDI","GROSSADJ","USD_CAP","A","1993",15627.6348688401,
"FRA","HHDI","GROSSADJ","USD_CAP","A","1994",16020.1791413833,
"FRA","HHDI","GROSSADJ","USD_CAP","A","1995",16642.1069239499,
"FRA","HHDI","GROSSADJ","USD_CAP","A","1996",17136.9859592593,
"FRA","HHDI","GROSSADJ","USD_CAP","A","1997",17795.5158713319,
"FRA","HHDI","GROSSADJ","USD_CAP","A","1998",18482.336151247,
"FRA","HHDI","GROSSADJ","USD_CAP","A","1999",19171.9632006313,
"FRA","HHDI","GROSSADJ","USD_CAP","A","2000",21313.8608359314,
"FRA","HHDI","GROSSADJ","USD_CAP","A","2001",22744.7711315623,
"FRA","HHDI","GROSSADJ","USD_CAP","A","2002",24620.0992338392,
"FRA","HHDI","GROSSADJ","USD_CAP","A","2003",23739.7911897219,
"FRA","HHDI","GROSSADJ","USD_CAP","A","2004",24636.5129568823,
"FRA","HHDI","GROSSADJ","USD_CAP","A","2005",24931.325447822,
"FRA","HHDI","GROSSADJ","USD_CAP","A","2006",25865.4709817827,
"FRA","HHDI","GROSSADJ","USD_CAP","A","2007",27212.2542982074,
"FRA","HHDI","GROSSADJ","USD_CAP","A","2008",28111.7192912144,
"FRA","HHDI","GROSSADJ","USD_CAP","A","2009",28272.0974279388,
"FRA","HHDI","GROSSADJ","USD_CAP","A","2010",29226.7297953697,
"FRA","HHDI","GROSSADJ","USD_CAP","A","2011",29785.2160477625,
"FRA","HHDI","GROSSADJ","USD_CAP","A","2012",30259.1780132324,
"FRA","HHDI","GROSSADJ","USD_CAP","A","2013",31091.8314827653,
"FRA","HHDI","GROSSADJ","USD_CAP","A","2014",30929.5600157277,
"FRA","HHDI","GROSSADJ","USD_CAP","A","2015",31555.8987574348,
"RUS","HHDI","GROSSADJ","USD_CAP","A","2002",6615.38893776076,
"RUS","HHDI","GROSSADJ","USD_CAP","A","2003",7086.42972492396,
"RUS","HHDI","GROSSADJ","USD_CAP","A","2004",7907.09066954515,
"RUS","HHDI","GROSSADJ","USD_CAP","A","2005",8817.69975098089,
"RUS","HHDI","GROSSADJ","USD_CAP","A","2006",10686.5330174268,
"RUS","HHDI","GROSSADJ","USD_CAP","A","2007",12340.0652651363,
"RUS","HHDI","GROSSADJ","USD_CAP","A","2008",14365.0405456393,
"RUS","HHDI","GROSSADJ","USD_CAP","A","2009",14521.8557946698,
"RUS","HHDI","GROSSADJ","USD_CAP","A","2010",15808.1266222156,
"RUS","HHDI","GROSSADJ","USD_CAP","A","2011",17350.9547159097,
"RUS","HHDI","GROSSADJ","USD_CAP","A","2012",18308.3534568135,"E"
"RUS","HHDI","GROSSADJ","USD_CAP","A","2013",17102.7862846257,"E"
"NZL","HHDI","GROSSADJ","USD_CAP","A","1998",14122.8382126174,
"NZL","HHDI","GROSSADJ","USD_CAP","A","1999",15147.0295724046,
"NZL","HHDI","GROSSADJ","USD_CAP","A","2000",14972.7304603427,
"NZL","HHDI","GROSSADJ","USD_CAP","A","2001",15799.3542671496,
"NZL","HHDI","GROSSADJ","USD_CAP","A","2002",15895.3430649311,
"NZL","HHDI","GROSSADJ","USD_CAP","A","2003",16643.2431722545,
"NZL","HHDI","GROSSADJ","USD_CAP","A","2004",17694.3257625476,
"NZL","HHDI","GROSSADJ","USD_CAP","A","2005",17910.2148145868,
"NZL","HHDI","GROSSADJ","USD_CAP","A","2006",19450.2680295144,
"NZL","HHDI","GROSSADJ","USD_CAP","A","2007",21059.6927166524,
"NZL","HHDI","GROSSADJ","USD_CAP","A","2008",21724.1664156737,
"NZL","HHDI","GROSSADJ","USD_CAP","A","2009",22059.0627939809,
"NZL","HHDI","GROSSADJ","USD_CAP","A","2010",22746.3992121194,
"NZL","HHDI","GROSSADJ","USD_CAP","A","2011",23819.5331901203,
"NZL","HHDI","GROSSADJ","USD_CAP","A","2012",24583.0137482657,
"NZL","HHDI","GROSSADJ","USD_CAP","A","2013",25483.7423511668,
"DNK","HHDI","GROSSADJ","USD_CAP","A","1995",15736.4622496751,
"DNK","HHDI","GROSSADJ","USD_CAP","A","1996",16063.0988469487,
"DNK","HHDI","GROSSADJ","USD_CAP","A","1997",16385.1509586707,
"DNK","HHDI","GROSSADJ","USD_CAP","A","1998",17197.7617734009,
"DNK","HHDI","GROSSADJ","USD_CAP","A","1999",17181.4733965717,
"DNK","HHDI","GROSSADJ","USD_CAP","A","2000",18315.5856705573,
"DNK","HHDI","GROSSADJ","USD_CAP","A","2001",18888.3963773186,
"DNK","HHDI","GROSSADJ","USD_CAP","A","2002",20747.9283214416,
"DNK","HHDI","GROSSADJ","USD_CAP","A","2003",20200.1995901549,
"DNK","HHDI","GROSSADJ","USD_CAP","A","2004",21046.8570322718,
"DNK","HHDI","GROSSADJ","USD_CAP","A","2005",20955.8075100034,
"DNK","HHDI","GROSSADJ","USD_CAP","A","2006",22443.3883512126,
"DNK","HHDI","GROSSADJ","USD_CAP","A","2007",23326.0231188918,
"DNK","HHDI","GROSSADJ","USD_CAP","A","2008",24272.1514031715,
"DNK","HHDI","GROSSADJ","USD_CAP","A","2009",25014.6321106111,
"DNK","HHDI","GROSSADJ","USD_CAP","A","2010",26381.6056812953,
"DNK","HHDI","GROSSADJ","USD_CAP","A","2011",27148.990598919,
"DNK","HHDI","GROSSADJ","USD_CAP","A","2012",28144.3224477387,
"DNK","HHDI","GROSSADJ","USD_CAP","A","2013",28440.4323299115,
"DNK","HHDI","GROSSADJ","USD_CAP","A","2014",28534.6805277755,
"DNK","HHDI","GROSSADJ","USD_CAP","A","2015",30182.3928558366,
"ISL","HHDI","GROSSADJ","USD_CAP","A","2000",17756.7363277542,
"ISL","HHDI","GROSSADJ","USD_CAP","A","2001",17885.0082635791,
"ISL","HHDI","GROSSADJ","USD_CAP","A","2002",19606.0443935578,
"ISL","HHDI","GROSSADJ","USD_CAP","A","2003",20159.6687309961,
"ISL","HHDI","GROSSADJ","USD_CAP","A","2004",21672.5762746801,
"ISL","HHDI","GROSSADJ","USD_CAP","A","2005",22358.2756440029,
"ISL","HHDI","GROSSADJ","USD_CAP","A","2006",23670.8619491403,
"ISL","HHDI","GROSSADJ","USD_CAP","A","2007",26572.2587907154,
"ISL","HHDI","GROSSADJ","USD_CAP","A","2008",26707.1437077756,
"ISL","HHDI","GROSSADJ","USD_CAP","A","2009",24006.5419291153,
"ISL","HHDI","GROSSADJ","USD_CAP","A","2010",22171.0666984419,
"ISL","HHDI","GROSSADJ","USD_CAP","A","2011",23376.4029172058,
"ISL","HHDI","GROSSADJ","USD_CAP","A","2012",24458.4077951066,
"ISL","HHDI","GROSSADJ","USD_CAP","A","2013",25119.2336644288,
"ISL","HHDI","GROSSADJ","USD_CAP","A","2014",25936.2088955052,
"LVA","HHDI","NET","AGRWTH","A","1996",10.0232951310554,
"LVA","HHDI","NET","AGRWTH","A","1997",10.3624739214586,
"LVA","HHDI","NET","AGRWTH","A","1998",-0.095984051531487,
"LVA","HHDI","NET","AGRWTH","A","1999",2.54194981336831,
"LVA","HHDI","NET","AGRWTH","A","2000",4.75121146048895,
"LVA","HHDI","NET","AGRWTH","A","2001",4.59758072925613,
"LVA","HHDI","NET","AGRWTH","A","2002",7.3219843268931,
"LVA","HHDI","NET","AGRWTH","A","2003",8.2317852745327,
"LVA","HHDI","NET","AGRWTH","A","2004",8.18465589047797,
"LVA","HHDI","NET","AGRWTH","A","2005",10.5107360557938,
"LVA","HHDI","NET","AGRWTH","A","2006",12.4589584306147,
"LVA","HHDI","NET","AGRWTH","A","2007",8.94212082604054,
"LVA","HHDI","NET","AGRWTH","A","2008",1.99745392015246,
"LVA","HHDI","NET","AGRWTH","A","2009",-12.5980723843899,
"LVA","HHDI","NET","AGRWTH","A","2010",-5.12396488374963,
"LVA","HHDI","NET","AGRWTH","A","2011",-5.35249896014498,
"LVA","HHDI","NET","AGRWTH","A","2012",1.04689716424407,
"LVA","HHDI","NET","AGRWTH","A","2013",5.37987616671225,
"LVA","HHDI","NET","AGRWTH","A","2014",4.53091568693421,
"LVA","HHDI","GROSSADJ","USD_CAP","A","1999",5813.79476335999,
"LVA","HHDI","GROSSADJ","USD_CAP","A","2000",6391.71631594156,
"LVA","HHDI","GROSSADJ","USD_CAP","A","2001",6823.36729794021,
"LVA","HHDI","GROSSADJ","USD_CAP","A","2002",8081.97763061557,
"LVA","HHDI","GROSSADJ","USD_CAP","A","2003",8793.11438830112,
"LVA","HHDI","GROSSADJ","USD_CAP","A","2004",9594.71216168562,
"LVA","HHDI","GROSSADJ","USD_CAP","A","2005",10490.6649775453,
"LVA","HHDI","GROSSADJ","USD_CAP","A","2006",12491.1513028681,
"LVA","HHDI","GROSSADJ","USD_CAP","A","2007",14032.1106825187,
"LVA","HHDI","GROSSADJ","USD_CAP","A","2008",15069.5390038155,
"LVA","HHDI","GROSSADJ","USD_CAP","A","2009",12852.4531396556,
"LVA","HHDI","GROSSADJ","USD_CAP","A","2010",12931.7670088457,
"LVA","HHDI","GROSSADJ","USD_CAP","A","2011",12814.4233788127,
"LVA","HHDI","GROSSADJ","USD_CAP","A","2012",13932.444764177,
"LVA","HHDI","GROSSADJ","USD_CAP","A","2013",14979.829116107,
"LVA","HHDI","GROSSADJ","USD_CAP","A","2014",15576.1963171935,
